Index,Date,Image_Path,Severity_Label,Temperature,Humidity,Precipitation,Soil_Quality,SeverityIndex
1,01-01-2023,ezyZip\Dataset\YELLOW-RUST-19\YELLOW-RUST-19\healthy\0_I_322.jpg,healthy,24.18,62.62,0.61,6.67,0.03
2,02-01-2023,ezyZip\Dataset\YELLOW-RUST-19\YELLOW-RUST-19\healthy\0_I_2202.jpg,healthy,24.06,59.87,0.62,6.53,0.06
3,03-01-2023,ezyZip\Dataset\YELLOW-RUST-19\YELLOW-RUST-19\R\1_R_261.jpg,healthy,22.88,64.58,0.63,5.84,0.04
4,04-01-2023,ezyZip\Dataset\YELLOW-RUST-19\YELLOW-RUST-19\R\1_R_297.jpg,healthy,22.09,53.03,0.65,5.99,0.09
5,05-01-2023,ezyZip\Dataset\YELLOW-RUST-19\YELLOW-RUST-19\S\5_S_2474.jpg,healthy,22.93,59.39,0.64,6.76,0.09
6,06-01-2023,ezyZip\Dataset\YELLOW-RUST-19\YELLOW-RUST-19\R\1_R_1909.jpg,healthy,22.88,50.36,0.65,6.87,0.08
7,07-01-2023,ezyZip\Dataset\YELLOW-RUST-19\YELLOW-RUST-19\MRMS\3_MRMS_2359.jpg,healthy,21.36,63.39,0.63,5.69,0
8,08-01-2023,ezyZip\Dataset\YELLOW-RUST-19\YELLOW-RUST-19\MR\2_MR_992.jpg,healthy,22.53,50.73,0.6,6.92,0.09
9,09-01-2023,ezyZip\Dataset\YELLOW-RUST-19\YELLOW-RUST-19\MR\2_MR_691.jpg,healthy,21.03,54.93,0.62,6.94,0.03
10,10-01-2023,ezyZip\Dataset\YELLOW-RUST-19\YELLOW-RUST-19\R\1_R_596.jpg,healthy,21.09,63.77,0.64,5.58,0.03
11,11-01-2023,ezyZip\Dataset\YELLOW-RUST-19\YELLOW-RUST-19\MR\2_MR_2329.jpg,healthy,22,66.28,0.6,6.8,0.09
12,12-01-2023,ezyZip\Dataset\YELLOW-RUST-19\YELLOW-RUST-19\MRMS\3_MRMS_1184.jpg,healthy,24.76,65.29,0.61,6.28,0.04
13,13-01-2023,ezyZip\Dataset\YELLOW-RUST-19\YELLOW-RUST-19\R\1_R_660.jpg,healthy,22.14,59.51,0.6,6.79,0.07
14,14-01-2023,ezyZip\Dataset\YELLOW-RUST-19\YELLOW-RUST-19\R\1_R_945.jpg,healthy,23.08,65.4,0.6,6.84,0
15,15-01-2023,ezyZip\Dataset\YELLOW-RUST-19\YELLOW-RUST-19\healthy\0_I_792.jpg,healthy,24.73,51.44,0.65,7,0.06
16,16-01-2023,ezyZip\Dataset\YELLOW-RUST-19\YELLOW-RUST-19\MRMS\3_MRMS_2140.jpg,healthy,23.8,55.12,0.64,5.75,0.04
17,17-01-2023,ezyZip\Dataset\YELLOW-RUST-19\YELLOW-RUST-19\R\1_R_2136.jpg,healthy,22.8,62.01,0.63,6.89,0.08
18,18-01-2023,ezyZip\Dataset\YELLOW-RUST-19\YELLOW-RUST-19\healthy\0_I_1742.jpg,healthy,23.96,66.99,0.63,5.63,0.04
19,19-01-2023,ezyZip\Dataset\YELLOW-RUST-19\YELLOW-RUST-19\S\5_S_1362.jpg,healthy,24.45,69.86,0.61,6.78,0.03
20,20-01-2023,ezyZip\Dataset\YELLOW-RUST-19\YELLOW-RUST-19\healthy\0_I_440.jpg,healthy,22.62,63.68,0.64,6.77,0.02
21,21-01-2023,ezyZip\Dataset\YELLOW-RUST-19\YELLOW-RUST-19\S\5_S_212.jpg,healthy,22.23,63.41,0.64,6.41,0.04
22,22-01-2023,ezyZip\Dataset\YELLOW-RUST-19\YELLOW-RUST-19\MRMS\3_MRMS_1718.jpg,healthy,24.3,64.51,0.62,6.36,0.09
23,23-01-2023,ezyZip\Dataset\YELLOW-RUST-19\YELLOW-RUST-19\healthy\0_I_11.jpg,healthy,23.28,69.34,0.6,5.53,0.06
24,24-01-2023,ezyZip\Dataset\YELLOW-RUST-19\YELLOW-RUST-19\MR\2_MR_1242.jpg,healthy,22.09,59.58,0.65,6.84,0.05
25,25-01-2023,ezyZip\Dataset\YELLOW-RUST-19\YELLOW-RUST-19\S\5_S_1947.jpg,healthy,22.84,57.61,0.64,6.89,0.06
26,26-01-2023,ezyZip\Dataset\YELLOW-RUST-19\YELLOW-RUST-19\healthy\0_I_1253.jpg,healthy,23.33,60.33,0.61,5.6,0.01
27,27-01-2023,ezyZip\Dataset\YELLOW-RUST-19\YELLOW-RUST-19\S\5_S_1328.jpg,healthy,24.16,62.41,0.62,6.02,0.07
28,28-01-2023,ezyZip\Dataset\YELLOW-RUST-19\YELLOW-RUST-19\MRMS\3_MRMS_232.jpg,healthy,21.55,60.56,0.63,5.94,0.09
29,29-01-2023,ezyZip\Dataset\YELLOW-RUST-19\YELLOW-RUST-19\MRMS\3_MRMS_359.jpg,healthy,24.05,52.11,0.61,5.91,0.02
30,30-01-2023,ezyZip\Dataset\YELLOW-RUST-19\YELLOW-RUST-19\healthy\0_I_557.jpg,healthy,23.84,69.61,0.62,6.19,0.06
31,31-01-2023,ezyZip\Dataset\YELLOW-RUST-19\YELLOW-RUST-19\MS\4_MS_656.jpg,healthy,21.11,50.04,0.61,6.73,0.07
32,01-02-2023,ezyZip\Dataset\YELLOW-RUST-19\YELLOW-RUST-19\MR\2_MR_2274.jpg,healthy,21.45,56.54,0.61,6.26,0.08
33,02-02-2023,ezyZip\Dataset\YELLOW-RUST-19\YELLOW-RUST-19\S\5_S_429.jpg,healthy,24.92,65.45,0.61,6.22,0
34,03-02-2023,ezyZip\Dataset\YELLOW-RUST-19\YELLOW-RUST-19\MRMS\3_MRMS_485.jpg,healthy,21.26,59.96,0.63,5.51,0.09
35,04-02-2023,ezyZip\Dataset\YELLOW-RUST-19\YELLOW-RUST-19\MR\2_MR_2246.jpg,healthy,23.06,53.38,0.65,6.12,0.08
36,05-02-2023,ezyZip\Dataset\YELLOW-RUST-19\YELLOW-RUST-19\S\5_S_170.jpg,healthy,24.06,64.21,0.63,6.16,0.01
37,06-02-2023,ezyZip\Dataset\YELLOW-RUST-19\YELLOW-RUST-19\S\5_S_1051.jpg,healthy,23.97,64.34,0.62,6.46,0.05
38,07-02-2023,ezyZip\Dataset\YELLOW-RUST-19\YELLOW-RUST-19\MRMS\3_MRMS_385.jpg,healthy,23.21,68,0.6,6.37,0.02
39,08-02-2023,ezyZip\Dataset\YELLOW-RUST-19\YELLOW-RUST-19\MS\4_MS_1446.jpg,healthy,24.89,60.6,0.64,6.94,0.02
40,09-02-2023,ezyZip\Dataset\YELLOW-RUST-19\YELLOW-RUST-19\MS\4_MS_2416.jpg,healthy,24.56,69.36,0.61,6.4,0.05
41,10-02-2023,ezyZip\Dataset\YELLOW-RUST-19\YELLOW-RUST-19\MS\4_MS_1947.jpg,healthy,24.09,50.87,0.62,6.81,0
42,11-02-2023,ezyZip\Dataset\YELLOW-RUST-19\YELLOW-RUST-19\S\5_S_434.jpg,healthy,23.26,64.41,0.63,6.11,0.01
43,12-02-2023,ezyZip\Dataset\YELLOW-RUST-19\YELLOW-RUST-19\S\5_S_1313.jpg,healthy,24.89,51.57,0.61,6.95,0.06
44,13-02-2023,ezyZip\Dataset\YELLOW-RUST-19\YELLOW-RUST-19\MRMS\3_MRMS_516.jpg,healthy,24.47,67.48,0.64,6.47,0.07
45,14-02-2023,ezyZip\Dataset\YELLOW-RUST-19\YELLOW-RUST-19\S\5_S_2271.jpg,healthy,22.76,60.99,0.61,6.9,0.02
46,15-02-2023,ezyZip\Dataset\YELLOW-RUST-19\YELLOW-RUST-19\MS\4_MS_62.jpg,healthy,22.52,64.96,0.62,5.61,0.02
47,16-02-2023,ezyZip\Dataset\YELLOW-RUST-19\YELLOW-RUST-19\healthy\0_I_186.jpg,healthy,23.73,55.66,0.65,5.89,0.08
48,17-02-2023,ezyZip\Dataset\YELLOW-RUST-19\YELLOW-RUST-19\healthy\0_I_945.jpg,healthy,21.6,67.8,0.63,6.52,0.06
49,18-02-2023,ezyZip\Dataset\YELLOW-RUST-19\YELLOW-RUST-19\MS\4_MS_1907.jpg,healthy,21.31,51.08,0.62,6.84,0.08
50,19-02-2023,ezyZip\Dataset\YELLOW-RUST-19\YELLOW-RUST-19\S\5_S_2256.jpg,healthy,23.77,57.76,0.63,6.8,0.04
51,20-02-2023,ezyZip\Dataset\YELLOW-RUST-19\YELLOW-RUST-19\S\5_S_1082.jpg,healthy,22.25,65.34,0.61,5.54,0.06
52,21-02-2023,ezyZip\Dataset\YELLOW-RUST-19\YELLOW-RUST-19\S\5_S_2400.jpg,healthy,24.13,58.54,0.64,5.65,0.1
53,22-02-2023,ezyZip\Dataset\YELLOW-RUST-19\YELLOW-RUST-19\S\5_S_1626.jpg,healthy,24.63,64.85,0.64,6.24,0.1
54,23-02-2023,ezyZip\Dataset\YELLOW-RUST-19\YELLOW-RUST-19\healthy\0_I_217.jpg,healthy,23.81,67.33,0.64,5.81,0.08
55,24-02-2023,ezyZip\Dataset\YELLOW-RUST-19\YELLOW-RUST-19\MS\4_MS_2367.jpg,healthy,24.12,52.06,0.6,6.59,0.05
56,25-02-2023,ezyZip\Dataset\YELLOW-RUST-19\YELLOW-RUST-19\healthy\0_I_1356.jpg,healthy,23.26,59.55,0.63,5.9,0.01
57,26-02-2023,ezyZip\Dataset\YELLOW-RUST-19\YELLOW-RUST-19\R\1_R_281.jpg,healthy,23.26,67.42,0.61,6.13,0.01
58,27-02-2023,ezyZip\Dataset\YELLOW-RUST-19\YELLOW-RUST-19\S\5_S_1465.jpg,healthy,24.15,66.35,0.62,6.25,0.1
59,28-02-2023,ezyZip\Dataset\YELLOW-RUST-19\YELLOW-RUST-19\healthy\0_I_695.jpg,healthy,24.91,59.82,0.62,6.6,0.07
60,01-03-2023,ezyZip\Dataset\YELLOW-RUST-19\YELLOW-RUST-19\MRMS\3_MRMS_313.jpg,healthy,22.89,61.08,0.64,6.21,0.02
61,02-03-2023,ezyZip\Dataset\YELLOW-RUST-19\YELLOW-RUST-19\MR\2_MR_132.jpg,healthy,24.58,59.35,0.65,6.23,0.09
62,03-03-2023,ezyZip\Dataset\YELLOW-RUST-19\YELLOW-RUST-19\healthy\0_I_35.jpg,healthy,22.49,55.83,0.63,6.13,0.01
63,04-03-2023,ezyZip\Dataset\YELLOW-RUST-19\YELLOW-RUST-19\R\1_R_2162.jpg,healthy,21.15,59.53,0.65,6.71,0.08
64,05-03-2023,ezyZip\Dataset\YELLOW-RUST-19\YELLOW-RUST-19\healthy\0_I_1229.jpg,healthy,24.44,64.41,0.63,6.71,0.08
65,06-03-2023,ezyZip\Dataset\YELLOW-RUST-19\YELLOW-RUST-19\MRMS\3_MRMS_387.jpg,healthy,22.02,66.95,0.64,6.09,0.07
66,07-03-2023,ezyZip\Dataset\YELLOW-RUST-19\YELLOW-RUST-19\MR\2_MR_1293.jpg,healthy,22.92,58.75,0.64,5.81,0.01
67,08-03-2023,ezyZip\Dataset\YELLOW-RUST-19\YELLOW-RUST-19\R\1_R_1719.jpg,healthy,23.7,55.89,0.6,6.14,0.04
68,09-03-2023,ezyZip\Dataset\YELLOW-RUST-19\YELLOW-RUST-19\MS\4_MS_1263.jpg,healthy,24.01,69.6,0.65,6.86,0.01
69,10-03-2023,ezyZip\Dataset\YELLOW-RUST-19\YELLOW-RUST-19\R\1_R_1223.jpg,healthy,23.56,61.71,0.62,6.21,0.02
70,11-03-2023,ezyZip\Dataset\YELLOW-RUST-19\YELLOW-RUST-19\R\1_R_802.jpg,healthy,22.87,57.54,0.61,6.08,0.08
71,12-03-2023,ezyZip\Dataset\YELLOW-RUST-19\YELLOW-RUST-19\healthy\0_I_935.jpg,healthy,22.42,51.52,0.6,6.69,0.04
72,13-03-2023,ezyZip\Dataset\YELLOW-RUST-19\YELLOW-RUST-19\MS\4_MS_95.jpg,healthy,24.65,58.18,0.61,6.19,0.06
73,14-03-2023,ezyZip\Dataset\YELLOW-RUST-19\YELLOW-RUST-19\MS\4_MS_254.jpg,healthy,23.53,67.38,0.63,6.74,0.04
74,15-03-2023,ezyZip\Dataset\YELLOW-RUST-19\YELLOW-RUST-19\S\5_S_1121.jpg,healthy,24.92,63.53,0.6,6.21,0.01
75,16-03-2023,ezyZip\Dataset\YELLOW-RUST-19\YELLOW-RUST-19\MS\4_MS_548.jpg,healthy,22.04,62.93,0.62,6.18,0.08
76,17-03-2023,ezyZip\Dataset\YELLOW-RUST-19\YELLOW-RUST-19\MRMS\3_MRMS_439.jpg,healthy,23.42,58.11,0.62,5.85,0.01
77,18-03-2023,ezyZip\Dataset\YELLOW-RUST-19\YELLOW-RUST-19\healthy\0_I_2283.jpg,healthy,24.15,54.35,0.65,6.12,0.03
78,19-03-2023,ezyZip\Dataset\YELLOW-RUST-19\YELLOW-RUST-19\R\1_R_1534.jpg,healthy,24.78,66.57,0.64,5.9,0.05
79,20-03-2023,ezyZip\Dataset\YELLOW-RUST-19\YELLOW-RUST-19\MRMS\3_MRMS_2098.jpg,healthy,22.74,67.19,0.64,6.64,0.09
80,21-03-2023,ezyZip\Dataset\YELLOW-RUST-19\YELLOW-RUST-19\R\1_R_1888.jpg,healthy,21.76,58.57,0.61,6.28,0.06
81,22-03-2023,ezyZip\Dataset\YELLOW-RUST-19\YELLOW-RUST-19\MRMS\3_MRMS_1075.jpg,healthy,21.15,69.27,0.61,5.87,0.1
82,23-03-2023,ezyZip\Dataset\YELLOW-RUST-19\YELLOW-RUST-19\MR\2_MR_2209.jpg,healthy,23.76,66.59,0.61,6.01,0.09
83,24-03-2023,ezyZip\Dataset\YELLOW-RUST-19\YELLOW-RUST-19\MRMS\3_MRMS_450.jpg,healthy,24.79,60.87,0.61,6.47,0.09
84,25-03-2023,ezyZip\Dataset\YELLOW-RUST-19\YELLOW-RUST-19\R\1_R_65.jpg,healthy,24.62,53.09,0.62,5.66,0.06
85,26-03-2023,ezyZip\Dataset\YELLOW-RUST-19\YELLOW-RUST-19\S\5_S_2490.jpg,healthy,21.93,51.37,0.61,6.63,0.1
86,27-03-2023,ezyZip\Dataset\YELLOW-RUST-19\YELLOW-RUST-19\S\5_S_1937.jpg,healthy,22.43,51.33,0.6,6,0
87,28-03-2023,ezyZip\Dataset\YELLOW-RUST-19\YELLOW-RUST-19\MS\4_MS_1173.jpg,healthy,24.43,67.36,0.63,5.77,0.02
88,29-03-2023,ezyZip\Dataset\YELLOW-RUST-19\YELLOW-RUST-19\S\5_S_730.jpg,healthy,23.11,60.41,0.63,6.84,0.06
89,30-03-2023,ezyZip\Dataset\YELLOW-RUST-19\YELLOW-RUST-19\R\1_R_2478.jpg,healthy,23.63,57.6,0.63,5.84,0.03
90,31-03-2023,ezyZip\Dataset\YELLOW-RUST-19\YELLOW-RUST-19\healthy\0_I_992.jpg,healthy,24.96,56.81,0.61,6.77,0.09
91,01-04-2023,ezyZip\Dataset\YELLOW-RUST-19\YELLOW-RUST-19\MRMS\3_MRMS_1479.jpg,healthy,22.13,64.47,0.65,6.63,0.05
92,02-04-2023,ezyZip\Dataset\YELLOW-RUST-19\YELLOW-RUST-19\healthy\0_I_404.jpg,healthy,22.81,54.91,0.62,6.7,0.06
93,03-04-2023,ezyZip\Dataset\YELLOW-RUST-19\YELLOW-RUST-19\MR\2_MR_326.jpg,healthy,23.55,59.75,0.64,6.01,0.05
94,04-04-2023,ezyZip\Dataset\YELLOW-RUST-19\YELLOW-RUST-19\S\5_S_1498.jpg,healthy,21.68,65.21,0.61,6.78,0.01
95,05-04-2023,ezyZip\Dataset\YELLOW-RUST-19\YELLOW-RUST-19\S\5_S_2493.jpg,healthy,23.13,64.41,0.61,6.53,0
96,06-04-2023,ezyZip\Dataset\YELLOW-RUST-19\YELLOW-RUST-19\S\5_S_1847.jpg,healthy,23.72,56.59,0.62,5.77,0.04
97,07-04-2023,ezyZip\Dataset\YELLOW-RUST-19\YELLOW-RUST-19\healthy\0_I_1719.jpg,healthy,23.48,52.3,0.64,6.92,0.02
98,08-04-2023,ezyZip\Dataset\YELLOW-RUST-19\YELLOW-RUST-19\MR\2_MR_1092.jpg,healthy,21.85,69.61,0.62,6.03,0.03
99,09-04-2023,ezyZip\Dataset\YELLOW-RUST-19\YELLOW-RUST-19\healthy\0_I_2052.jpg,healthy,24,51.5,0.64,6.72,0.05
100,10-04-2023,ezyZip\Dataset\YELLOW-RUST-19\YELLOW-RUST-19\MR\2_MR_621.jpg,healthy,21.84,69.18,0.63,6.07,0.09
101,11-04-2023,ezyZip\Dataset\YELLOW-RUST-19\YELLOW-RUST-19\S\5_S_1857.jpg,MR,21.42,71.97,0.65,5.63,0.19
102,12-04-2023,ezyZip\Dataset\YELLOW-RUST-19\YELLOW-RUST-19\healthy\0_I_2496.jpg,MR,20.49,63.21,0.63,6.37,0.16
103,13-04-2023,ezyZip\Dataset\YELLOW-RUST-19\YELLOW-RUST-19\MS\4_MS_1860.jpg,MR,20.35,63.86,0.65,5.56,0.16
104,14-04-2023,ezyZip\Dataset\YELLOW-RUST-19\YELLOW-RUST-19\MR\2_MR_143.jpg,MR,20.75,71.89,0.62,5.53,0.18
105,15-04-2023,ezyZip\Dataset\YELLOW-RUST-19\YELLOW-RUST-19\MR\2_MR_1163.jpg,MR,21.61,72.8,0.64,6,0.16
106,16-04-2023,ezyZip\Dataset\YELLOW-RUST-19\YELLOW-RUST-19\MR\2_MR_799.jpg,MR,20.42,63.89,0.64,6,0.17
107,17-04-2023,ezyZip\Dataset\YELLOW-RUST-19\YELLOW-RUST-19\MS\4_MS_1374.jpg,MR,20.69,69.77,0.64,5.83,0.27
108,18-04-2023,ezyZip\Dataset\YELLOW-RUST-19\YELLOW-RUST-19\R\1_R_1880.jpg,MR,21.78,61.61,0.65,6.44,0.26
109,19-04-2023,ezyZip\Dataset\YELLOW-RUST-19\YELLOW-RUST-19\healthy\0_I_696.jpg,MR,21.13,59.48,0.63,5.75,0.27
110,20-04-2023,ezyZip\Dataset\YELLOW-RUST-19\YELLOW-RUST-19\MRMS\3_MRMS_767.jpg,MR,20.02,65.4,0.63,5.87,0.29
111,21-04-2023,ezyZip\Dataset\YELLOW-RUST-19\YELLOW-RUST-19\healthy\0_I_257.jpg,MR,21.9,65.25,0.62,5.79,0.21
112,22-04-2023,ezyZip\Dataset\YELLOW-RUST-19\YELLOW-RUST-19\MRMS\3_MRMS_447.jpg,MR,20.23,68.97,0.6,5.54,0.17
113,23-04-2023,ezyZip\Dataset\YELLOW-RUST-19\YELLOW-RUST-19\MS\4_MS_2048.jpg,MR,21.82,61.95,0.62,6.37,0.23
114,24-04-2023,ezyZip\Dataset\YELLOW-RUST-19\YELLOW-RUST-19\healthy\0_I_744.jpg,MR,21.9,70.14,0.64,6.29,0.1
115,25-04-2023,ezyZip\Dataset\YELLOW-RUST-19\YELLOW-RUST-19\healthy\0_I_1865.jpg,MR,20.53,73.41,0.63,5.63,0.18
116,26-04-2023,ezyZip\Dataset\YELLOW-RUST-19\YELLOW-RUST-19\MRMS\3_MRMS_1783.jpg,MR,21.52,59.23,0.65,5.79,0.24
117,27-04-2023,ezyZip\Dataset\YELLOW-RUST-19\YELLOW-RUST-19\MRMS\3_MRMS_2390.jpg,MR,21.39,69.37,0.61,5.73,0.12
118,28-04-2023,ezyZip\Dataset\YELLOW-RUST-19\YELLOW-RUST-19\MRMS\3_MRMS_2200.jpg,MR,20.08,71.17,0.63,5.81,0.13
119,29-04-2023,ezyZip\Dataset\YELLOW-RUST-19\YELLOW-RUST-19\MR\2_MR_1985.jpg,MR,21.86,63.98,0.64,5.73,0.28
120,30-04-2023,ezyZip\Dataset\YELLOW-RUST-19\YELLOW-RUST-19\MR\2_MR_743.jpg,MR,21.86,63.39,0.64,5.64,0.1
121,01-05-2023,ezyZip\Dataset\YELLOW-RUST-19\YELLOW-RUST-19\MR\2_MR_1774.jpg,MR,20.5,74.08,0.62,6.23,0.14
122,02-05-2023,ezyZip\Dataset\YELLOW-RUST-19\YELLOW-RUST-19\R\1_R_2032.jpg,MR,20.05,55.49,0.65,5.67,0.18
123,03-05-2023,ezyZip\Dataset\YELLOW-RUST-19\YELLOW-RUST-19\MR\2_MR_1124.jpg,MR,20.51,55.56,0.64,6.26,0.16
124,04-05-2023,ezyZip\Dataset\YELLOW-RUST-19\YELLOW-RUST-19\S\5_S_2201.jpg,MR,21.42,70.56,0.64,6.16,0.2
125,05-05-2023,ezyZip\Dataset\YELLOW-RUST-19\YELLOW-RUST-19\R\1_R_2298.jpg,MR,20.12,57.27,0.64,5.59,0.2
126,06-05-2023,ezyZip\Dataset\YELLOW-RUST-19\YELLOW-RUST-19\MR\2_MR_762.jpg,MR,21.46,63.36,0.62,5.78,0.23
127,07-05-2023,ezyZip\Dataset\YELLOW-RUST-19\YELLOW-RUST-19\R\1_R_2477.jpg,MR,21.55,67.77,0.63,6.3,0.17
128,08-05-2023,ezyZip\Dataset\YELLOW-RUST-19\YELLOW-RUST-19\MRMS\3_MRMS_1489.jpg,MR,21.41,65.14,0.6,5.8,0.13
129,09-05-2023,ezyZip\Dataset\YELLOW-RUST-19\YELLOW-RUST-19\MR\2_MR_608.jpg,MR,21.6,57.65,0.64,5.66,0.11
130,10-05-2023,ezyZip\Dataset\YELLOW-RUST-19\YELLOW-RUST-19\MR\2_MR_2096.jpg,MR,20.34,67.77,0.61,5.62,0.16
131,11-05-2023,ezyZip\Dataset\YELLOW-RUST-19\YELLOW-RUST-19\MS\4_MS_2104.jpg,MR,21.15,58.72,0.6,6.08,0.2
132,12-05-2023,ezyZip\Dataset\YELLOW-RUST-19\YELLOW-RUST-19\MR\2_MR_1221.jpg,MR,20.83,60.59,0.65,6.04,0.14
133,13-05-2023,ezyZip\Dataset\YELLOW-RUST-19\YELLOW-RUST-19\R\1_R_151.jpg,MR,21.22,55.91,0.6,5.9,0.11
134,14-05-2023,ezyZip\Dataset\YELLOW-RUST-19\YELLOW-RUST-19\healthy\0_I_2204.jpg,MR,20.09,57.48,0.65,6.06,0.23
135,15-05-2023,ezyZip\Dataset\YELLOW-RUST-19\YELLOW-RUST-19\MR\2_MR_229.jpg,MR,20.52,65.84,0.61,5.78,0.22
136,16-05-2023,ezyZip\Dataset\YELLOW-RUST-19\YELLOW-RUST-19\MS\4_MS_2201.jpg,MR,21.7,58.33,0.61,5.84,0.22
137,17-05-2023,ezyZip\Dataset\YELLOW-RUST-19\YELLOW-RUST-19\MS\4_MS_849.jpg,MR,20.54,70.89,0.61,5.57,0.16
138,18-05-2023,ezyZip\Dataset\YELLOW-RUST-19\YELLOW-RUST-19\MS\4_MS_1681.jpg,MR,20.77,61.37,0.6,6.31,0.26
139,19-05-2023,ezyZip\Dataset\YELLOW-RUST-19\YELLOW-RUST-19\MR\2_MR_2290.jpg,MR,20.38,62.94,0.61,6.05,0.11
140,20-05-2023,ezyZip\Dataset\YELLOW-RUST-19\YELLOW-RUST-19\MRMS\3_MRMS_1445.jpg,MR,20.29,65.13,0.64,6.41,0.14
141,21-05-2023,ezyZip\Dataset\YELLOW-RUST-19\YELLOW-RUST-19\MS\4_MS_2154.jpg,MR,20.1,61.32,0.61,5.76,0.26
142,22-05-2023,ezyZip\Dataset\YELLOW-RUST-19\YELLOW-RUST-19\R\1_R_2048.jpg,MR,20.37,67.37,0.63,5.66,0.3
143,23-05-2023,ezyZip\Dataset\YELLOW-RUST-19\YELLOW-RUST-19\S\5_S_1843.jpg,MR,20.73,58.89,0.63,5.94,0.29
144,24-05-2023,ezyZip\Dataset\YELLOW-RUST-19\YELLOW-RUST-19\MS\4_MS_234.jpg,MR,20.85,64.51,0.6,6.12,0.19
145,25-05-2023,ezyZip\Dataset\YELLOW-RUST-19\YELLOW-RUST-19\S\5_S_996.jpg,MR,21.9,66.43,0.64,6.03,0.27
146,26-05-2023,ezyZip\Dataset\YELLOW-RUST-19\YELLOW-RUST-19\R\1_R_937.jpg,MR,20.71,69.8,0.61,5.97,0.18
147,27-05-2023,ezyZip\Dataset\YELLOW-RUST-19\YELLOW-RUST-19\S\5_S_1116.jpg,MR,20.31,56.61,0.63,6.11,0.26
148,28-05-2023,ezyZip\Dataset\YELLOW-RUST-19\YELLOW-RUST-19\R\1_R_1159.jpg,MR,21.79,69.24,0.61,6.41,0.25
149,29-05-2023,ezyZip\Dataset\YELLOW-RUST-19\YELLOW-RUST-19\MR\2_MR_653.jpg,MR,20.69,69.65,0.65,6.35,0.11
150,30-05-2023,ezyZip\Dataset\YELLOW-RUST-19\YELLOW-RUST-19\S\5_S_225.jpg,MR,21.97,64.46,0.62,5.65,0.3
151,31-05-2023,ezyZip\Dataset\YELLOW-RUST-19\YELLOW-RUST-19\MRMS\3_MRMS_1677.jpg,MR,21.57,66.99,0.65,5.8,0.24
152,01-06-2023,ezyZip\Dataset\YELLOW-RUST-19\YELLOW-RUST-19\healthy\0_I_185.jpg,MR,20.59,61.28,0.61,6.16,0.1
153,02-06-2023,ezyZip\Dataset\YELLOW-RUST-19\YELLOW-RUST-19\MS\4_MS_1082.jpg,MR,21.82,55.17,0.64,6.35,0.28
154,03-06-2023,ezyZip\Dataset\YELLOW-RUST-19\YELLOW-RUST-19\R\1_R_2405.jpg,MR,20.17,64.17,0.65,6.44,0.23
155,04-06-2023,ezyZip\Dataset\YELLOW-RUST-19\YELLOW-RUST-19\R\1_R_1921.jpg,MR,20.16,73.49,0.62,6.36,0.26
156,05-06-2023,ezyZip\Dataset\YELLOW-RUST-19\YELLOW-RUST-19\R\1_R_1505.jpg,MR,21.17,71.89,0.63,5.91,0.24
157,06-06-2023,ezyZip\Dataset\YELLOW-RUST-19\YELLOW-RUST-19\R\1_R_2093.jpg,MR,20.29,72.11,0.65,6.43,0.18
158,07-06-2023,ezyZip\Dataset\YELLOW-RUST-19\YELLOW-RUST-19\R\1_R_2059.jpg,MR,20.57,65.95,0.61,6.36,0.12
159,08-06-2023,ezyZip\Dataset\YELLOW-RUST-19\YELLOW-RUST-19\MRMS\3_MRMS_2322.jpg,MR,20.35,70.03,0.65,5.79,0.21
160,09-06-2023,ezyZip\Dataset\YELLOW-RUST-19\YELLOW-RUST-19\MR\2_MR_2305.jpg,MR,21.59,61.55,0.62,6.07,0.29
161,10-06-2023,ezyZip\Dataset\YELLOW-RUST-19\YELLOW-RUST-19\R\1_R_148.jpg,MR,20.45,63.36,0.61,6.26,0.18
162,11-06-2023,ezyZip\Dataset\YELLOW-RUST-19\YELLOW-RUST-19\MRMS\3_MRMS_1045.jpg,MR,20.86,58.3,0.63,5.93,0.25
163,12-06-2023,ezyZip\Dataset\YELLOW-RUST-19\YELLOW-RUST-19\healthy\0_I_1564.jpg,MR,21.22,67.39,0.6,5.78,0.3
164,13-06-2023,ezyZip\Dataset\YELLOW-RUST-19\YELLOW-RUST-19\S\5_S_1536.jpg,MR,20.52,63.17,0.61,6,0.13
165,14-06-2023,ezyZip\Dataset\YELLOW-RUST-19\YELLOW-RUST-19\MS\4_MS_2052.jpg,MR,20.23,64.17,0.64,6.36,0.16
166,15-06-2023,ezyZip\Dataset\YELLOW-RUST-19\YELLOW-RUST-19\S\5_S_2438.jpg,MR,21.6,68.06,0.6,5.51,0.25
167,16-06-2023,ezyZip\Dataset\YELLOW-RUST-19\YELLOW-RUST-19\R\1_R_669.jpg,MR,20.59,72.21,0.63,6.35,0.22
168,17-06-2023,ezyZip\Dataset\YELLOW-RUST-19\YELLOW-RUST-19\S\5_S_202.jpg,MR,20.52,64.23,0.6,5.91,0.18
169,18-06-2023,ezyZip\Dataset\YELLOW-RUST-19\YELLOW-RUST-19\S\5_S_961.jpg,MR,21.66,70.11,0.62,5.86,0.12
170,19-06-2023,ezyZip\Dataset\YELLOW-RUST-19\YELLOW-RUST-19\MS\4_MS_384.jpg,MR,20.54,63.93,0.63,5.57,0.1
171,20-06-2023,ezyZip\Dataset\YELLOW-RUST-19\YELLOW-RUST-19\MR\2_MR_2116.jpg,MR,21.83,65.49,0.62,6.42,0.12
172,21-06-2023,ezyZip\Dataset\YELLOW-RUST-19\YELLOW-RUST-19\S\5_S_1242.jpg,MR,21.53,62.29,0.62,6.11,0.24
173,22-06-2023,ezyZip\Dataset\YELLOW-RUST-19\YELLOW-RUST-19\S\5_S_356.jpg,MR,20.52,55.98,0.62,5.73,0.17
174,23-06-2023,ezyZip\Dataset\YELLOW-RUST-19\YELLOW-RUST-19\MR\2_MR_2193.jpg,MR,21.23,62.06,0.63,5.61,0.14
175,24-06-2023,ezyZip\Dataset\YELLOW-RUST-19\YELLOW-RUST-19\MR\2_MR_1258.jpg,MR,21.11,66.95,0.62,6.43,0.26
176,25-06-2023,ezyZip\Dataset\YELLOW-RUST-19\YELLOW-RUST-19\MR\2_MR_1161.jpg,MR,20.11,64.3,0.63,6.2,0.11
177,26-06-2023,ezyZip\Dataset\YELLOW-RUST-19\YELLOW-RUST-19\MRMS\3_MRMS_2444.jpg,MR,20.45,64.83,0.62,6.49,0.25
178,27-06-2023,ezyZip\Dataset\YELLOW-RUST-19\YELLOW-RUST-19\healthy\0_I_845.jpg,MR,21.46,63.18,0.64,6.23,0.28
179,28-06-2023,ezyZip\Dataset\YELLOW-RUST-19\YELLOW-RUST-19\S\5_S_2147.jpg,MR,20.96,63.75,0.64,5.72,0.23
180,29-06-2023,ezyZip\Dataset\YELLOW-RUST-19\YELLOW-RUST-19\MR\2_MR_2051.jpg,MR,21.49,74.91,0.64,5.74,0.21
181,30-06-2023,ezyZip\Dataset\YELLOW-RUST-19\YELLOW-RUST-19\MS\4_MS_2488.jpg,MR,20.09,61.79,0.61,5.64,0.15
182,01-07-2023,ezyZip\Dataset\YELLOW-RUST-19\YELLOW-RUST-19\MRMS\3_MRMS_2208.jpg,MR,20.51,70.22,0.6,6.25,0.21
183,02-07-2023,ezyZip\Dataset\YELLOW-RUST-19\YELLOW-RUST-19\healthy\0_I_92.jpg,MR,20.99,58.43,0.62,5.52,0.22
184,03-07-2023,ezyZip\Dataset\YELLOW-RUST-19\YELLOW-RUST-19\MRMS\3_MRMS_1482.jpg,MR,21.55,65.03,0.62,5.86,0.28
185,04-07-2023,ezyZip\Dataset\YELLOW-RUST-19\YELLOW-RUST-19\MR\2_MR_843.jpg,MR,20.7,66.95,0.61,5.78,0.11
186,05-07-2023,ezyZip\Dataset\YELLOW-RUST-19\YELLOW-RUST-19\MRMS\3_MRMS_535.jpg,MR,21.81,60.67,0.64,6.49,0.21
187,06-07-2023,ezyZip\Dataset\YELLOW-RUST-19\YELLOW-RUST-19\MR\2_MR_386.jpg,MR,21.67,71.26,0.63,6.47,0.2
188,07-07-2023,ezyZip\Dataset\YELLOW-RUST-19\YELLOW-RUST-19\MRMS\3_MRMS_2297.jpg,MR,20.6,64.34,0.61,6.38,0.26
189,08-07-2023,ezyZip\Dataset\YELLOW-RUST-19\YELLOW-RUST-19\S\5_S_1998.jpg,MR,20.02,65.62,0.61,5.99,0.12
190,09-07-2023,ezyZip\Dataset\YELLOW-RUST-19\YELLOW-RUST-19\R\1_R_1331.jpg,MR,21.73,71.79,0.64,5.64,0.28
191,10-07-2023,ezyZip\Dataset\YELLOW-RUST-19\YELLOW-RUST-19\S\5_S_532.jpg,MR,21.78,67.6,0.6,6.17,0.14
192,11-07-2023,ezyZip\Dataset\YELLOW-RUST-19\YELLOW-RUST-19\MS\4_MS_1277.jpg,MR,20.67,60.89,0.63,6.01,0.29
193,12-07-2023,ezyZip\Dataset\YELLOW-RUST-19\YELLOW-RUST-19\MS\4_MS_779.jpg,MR,20.01,56.24,0.62,5.78,0.13
194,13-07-2023,ezyZip\Dataset\YELLOW-RUST-19\YELLOW-RUST-19\MR\2_MR_343.jpg,MR,20.54,72.23,0.62,5.64,0.26
195,14-07-2023,ezyZip\Dataset\YELLOW-RUST-19\YELLOW-RUST-19\MR\2_MR_1433.jpg,MR,21.16,61.88,0.63,6.14,0.12
196,15-07-2023,ezyZip\Dataset\YELLOW-RUST-19\YELLOW-RUST-19\MS\4_MS_1561.jpg,MR,20.66,68.29,0.61,5.83,0.13
197,16-07-2023,ezyZip\Dataset\YELLOW-RUST-19\YELLOW-RUST-19\MS\4_MS_456.jpg,MR,20.71,69.73,0.65,5.86,0.14
198,17-07-2023,ezyZip\Dataset\YELLOW-RUST-19\YELLOW-RUST-19\MR\2_MR_716.jpg,MR,20,67.29,0.63,6.48,0.1
199,18-07-2023,ezyZip\Dataset\YELLOW-RUST-19\YELLOW-RUST-19\S\5_S_1560.jpg,MR,20.52,57.85,0.64,6.08,0.1
200,19-07-2023,ezyZip\Dataset\YELLOW-RUST-19\YELLOW-RUST-19\MR\2_MR_1231.jpg,MR,21.29,71.23,0.63,5.83,0.27
201,20-07-2023,ezyZip\Dataset\YELLOW-RUST-19\YELLOW-RUST-19\MS\4_MS_183.jpg,MRMS,18.57,65.1,0.67,5.76,0.44
202,21-07-2023,ezyZip\Dataset\YELLOW-RUST-19\YELLOW-RUST-19\R\1_R_2226.jpg,MRMS,20.16,73.86,0.66,5.9,0.42
203,22-07-2023,ezyZip\Dataset\YELLOW-RUST-19\YELLOW-RUST-19\healthy\0_I_1897.jpg,MRMS,19.46,71.9,0.65,5.95,0.3
204,23-07-2023,ezyZip\Dataset\YELLOW-RUST-19\YELLOW-RUST-19\MS\4_MS_1410.jpg,MRMS,19.71,72.42,0.66,5.78,0.42
205,24-07-2023,ezyZip\Dataset\YELLOW-RUST-19\YELLOW-RUST-19\R\1_R_279.jpg,MRMS,20.51,78.29,0.66,5.73,0.41
206,25-07-2023,ezyZip\Dataset\YELLOW-RUST-19\YELLOW-RUST-19\healthy\0_I_889.jpg,MRMS,18.09,76.6,0.67,5.55,0.3
207,26-07-2023,ezyZip\Dataset\YELLOW-RUST-19\YELLOW-RUST-19\R\1_R_269.jpg,MRMS,19.93,73.44,0.66,5.79,0.44
208,27-07-2023,ezyZip\Dataset\YELLOW-RUST-19\YELLOW-RUST-19\healthy\0_I_1716.jpg,MRMS,20.22,66.74,0.66,5.58,0.36
209,28-07-2023,ezyZip\Dataset\YELLOW-RUST-19\YELLOW-RUST-19\MS\4_MS_1027.jpg,MRMS,19.81,73.45,0.66,5.77,0.41
210,29-07-2023,ezyZip\Dataset\YELLOW-RUST-19\YELLOW-RUST-19\MR\2_MR_2495.jpg,MRMS,18.38,65.08,0.65,5.77,0.43
211,30-07-2023,ezyZip\Dataset\YELLOW-RUST-19\YELLOW-RUST-19\S\5_S_1715.jpg,MRMS,20.84,63.83,0.66,5.58,0.38
212,31-07-2023,ezyZip\Dataset\YELLOW-RUST-19\YELLOW-RUST-19\MR\2_MR_543.jpg,MRMS,20.47,67.61,0.66,5.68,0.43
213,01-08-2023,ezyZip\Dataset\YELLOW-RUST-19\YELLOW-RUST-19\MS\4_MS_1033.jpg,MRMS,20.3,64.46,0.65,5.73,0.42
214,02-08-2023,ezyZip\Dataset\YELLOW-RUST-19\YELLOW-RUST-19\MS\4_MS_1994.jpg,MRMS,18.67,60.64,0.66,5.83,0.46
215,03-08-2023,ezyZip\Dataset\YELLOW-RUST-19\YELLOW-RUST-19\R\1_R_978.jpg,MRMS,18.44,77.15,0.65,5.55,0.3
216,04-08-2023,ezyZip\Dataset\YELLOW-RUST-19\YELLOW-RUST-19\MS\4_MS_611.jpg,MRMS,19.48,60.75,0.66,5.75,0.34
217,05-08-2023,ezyZip\Dataset\YELLOW-RUST-19\YELLOW-RUST-19\R\1_R_2289.jpg,MRMS,19.88,71.21,0.65,5.72,0.36
218,06-08-2023,ezyZip\Dataset\YELLOW-RUST-19\YELLOW-RUST-19\R\1_R_379.jpg,MRMS,20.51,67.86,0.65,5.96,0.3
219,07-08-2023,ezyZip\Dataset\YELLOW-RUST-19\YELLOW-RUST-19\MR\2_MR_24.jpg,MRMS,20.48,60.67,0.67,5.79,0.37
220,08-08-2023,ezyZip\Dataset\YELLOW-RUST-19\YELLOW-RUST-19\MR\2_MR_1761.jpg,MRMS,20.01,77.29,0.66,5.8,0.49
221,09-08-2023,ezyZip\Dataset\YELLOW-RUST-19\YELLOW-RUST-19\healthy\0_I_600.jpg,MRMS,19.67,62.05,0.65,5.69,0.46
222,10-08-2023,ezyZip\Dataset\YELLOW-RUST-19\YELLOW-RUST-19\healthy\0_I_2424.jpg,MRMS,18.34,64.97,0.65,5.63,0.5
223,11-08-2023,ezyZip\Dataset\YELLOW-RUST-19\YELLOW-RUST-19\MR\2_MR_147.jpg,MRMS,19.76,69.28,0.66,5.8,0.4
224,12-08-2023,ezyZip\Dataset\YELLOW-RUST-19\YELLOW-RUST-19\R\1_R_755.jpg,MRMS,19.19,75.06,0.66,5.55,0.4
225,13-08-2023,ezyZip\Dataset\YELLOW-RUST-19\YELLOW-RUST-19\S\5_S_1013.jpg,MRMS,18.06,67.66,0.67,5.63,0.34
226,14-08-2023,ezyZip\Dataset\YELLOW-RUST-19\YELLOW-RUST-19\MR\2_MR_2306.jpg,MRMS,20.19,70.4,0.66,5.58,0.38
227,15-08-2023,ezyZip\Dataset\YELLOW-RUST-19\YELLOW-RUST-19\S\5_S_19.jpg,MRMS,19.13,68.35,0.66,5.76,0.36
228,16-08-2023,ezyZip\Dataset\YELLOW-RUST-19\YELLOW-RUST-19\healthy\0_I_1712.jpg,MRMS,20.04,70.88,0.65,5.65,0.46
229,17-08-2023,ezyZip\Dataset\YELLOW-RUST-19\YELLOW-RUST-19\MS\4_MS_1723.jpg,MRMS,18.66,73.28,0.66,5.62,0.37
230,18-08-2023,ezyZip\Dataset\YELLOW-RUST-19\YELLOW-RUST-19\MRMS\3_MRMS_1382.jpg,MRMS,20.15,73.78,0.66,5.65,0.37
231,19-08-2023,ezyZip\Dataset\YELLOW-RUST-19\YELLOW-RUST-19\MR\2_MR_492.jpg,MRMS,19.57,78.35,0.65,5.53,0.35
232,20-08-2023,ezyZip\Dataset\YELLOW-RUST-19\YELLOW-RUST-19\R\1_R_2149.jpg,MRMS,20.17,70.03,0.66,5.88,0.34
233,21-08-2023,ezyZip\Dataset\YELLOW-RUST-19\YELLOW-RUST-19\MRMS\3_MRMS_125.jpg,MRMS,19.97,68.45,0.65,5.69,0.41
234,22-08-2023,ezyZip\Dataset\YELLOW-RUST-19\YELLOW-RUST-19\MS\4_MS_215.jpg,MRMS,19.96,79.11,0.67,5.59,0.49
235,23-08-2023,ezyZip\Dataset\YELLOW-RUST-19\YELLOW-RUST-19\MR\2_MR_1572.jpg,MRMS,20.86,63.38,0.67,5.95,0.4
236,24-08-2023,ezyZip\Dataset\YELLOW-RUST-19\YELLOW-RUST-19\S\5_S_1661.jpg,MRMS,19,73.74,0.67,5.62,0.43
237,25-08-2023,ezyZip\Dataset\YELLOW-RUST-19\YELLOW-RUST-19\healthy\0_I_1658.jpg,MRMS,18.19,78.45,0.65,5.7,0.46
238,26-08-2023,ezyZip\Dataset\YELLOW-RUST-19\YELLOW-RUST-19\healthy\0_I_876.jpg,MRMS,18.09,77.37,0.66,5.57,0.32
239,27-08-2023,ezyZip\Dataset\YELLOW-RUST-19\YELLOW-RUST-19\MS\4_MS_160.jpg,MRMS,18.68,79.99,0.66,5.99,0.43
240,28-08-2023,ezyZip\Dataset\YELLOW-RUST-19\YELLOW-RUST-19\healthy\0_I_802.jpg,MRMS,19.29,63.15,0.67,5.77,0.39
241,29-08-2023,ezyZip\Dataset\YELLOW-RUST-19\YELLOW-RUST-19\MS\4_MS_1685.jpg,MRMS,19.17,71.5,0.65,5.88,0.34
242,30-08-2023,ezyZip\Dataset\YELLOW-RUST-19\YELLOW-RUST-19\healthy\0_I_149.jpg,MRMS,19.58,79.13,0.66,5.61,0.4
243,31-08-2023,ezyZip\Dataset\YELLOW-RUST-19\YELLOW-RUST-19\healthy\0_I_2373.jpg,MRMS,20.44,74.04,0.65,5.99,0.46
244,01-09-2023,ezyZip\Dataset\YELLOW-RUST-19\YELLOW-RUST-19\R\1_R_2017.jpg,MRMS,20.03,72.93,0.66,5.98,0.46
245,02-09-2023,ezyZip\Dataset\YELLOW-RUST-19\YELLOW-RUST-19\MR\2_MR_1119.jpg,MRMS,18.87,78.33,0.66,5.66,0.37
246,03-09-2023,ezyZip\Dataset\YELLOW-RUST-19\YELLOW-RUST-19\MS\4_MS_171.jpg,MRMS,20.33,72.31,0.66,5.91,0.43
247,04-09-2023,ezyZip\Dataset\YELLOW-RUST-19\YELLOW-RUST-19\MS\4_MS_1809.jpg,MRMS,20.91,70.81,0.66,5.77,0.38
248,05-09-2023,ezyZip\Dataset\YELLOW-RUST-19\YELLOW-RUST-19\R\1_R_504.jpg,MRMS,18.06,60.08,0.66,5.53,0.41
249,06-09-2023,ezyZip\Dataset\YELLOW-RUST-19\YELLOW-RUST-19\S\5_S_1450.jpg,MRMS,20.77,65.05,0.66,5.52,0.47
250,07-09-2023,ezyZip\Dataset\YELLOW-RUST-19\YELLOW-RUST-19\S\5_S_1709.jpg,MRMS,20.25,73.47,0.66,5.83,0.34
251,08-09-2023,ezyZip\Dataset\YELLOW-RUST-19\YELLOW-RUST-19\MR\2_MR_1168.jpg,MRMS,20.13,62.13,0.66,5.91,0.45
252,09-09-2023,ezyZip\Dataset\YELLOW-RUST-19\YELLOW-RUST-19\R\1_R_501.jpg,MRMS,20.23,65.09,0.66,5.69,0.34
253,10-09-2023,ezyZip\Dataset\YELLOW-RUST-19\YELLOW-RUST-19\MR\2_MR_1590.jpg,MRMS,18.13,72.65,0.65,5.78,0.32
254,11-09-2023,ezyZip\Dataset\YELLOW-RUST-19\YELLOW-RUST-19\R\1_R_14.jpg,MRMS,18.87,69.69,0.66,5.61,0.36
255,12-09-2023,ezyZip\Dataset\YELLOW-RUST-19\YELLOW-RUST-19\S\5_S_1407.jpg,MRMS,18.3,65.4,0.66,5.58,0.43
256,13-09-2023,ezyZip\Dataset\YELLOW-RUST-19\YELLOW-RUST-19\S\5_S_1482.jpg,MRMS,19.27,60.85,0.66,5.98,0.39
257,14-09-2023,ezyZip\Dataset\YELLOW-RUST-19\YELLOW-RUST-19\MRMS\3_MRMS_1910.jpg,MRMS,19,69.21,0.66,5.87,0.46
258,15-09-2023,ezyZip\Dataset\YELLOW-RUST-19\YELLOW-RUST-19\healthy\0_I_2131.jpg,MRMS,18.86,79.05,0.66,5.82,0.35
259,16-09-2023,ezyZip\Dataset\YELLOW-RUST-19\YELLOW-RUST-19\healthy\0_I_1467.jpg,MRMS,19.9,78.54,0.66,5.53,0.42
260,17-09-2023,ezyZip\Dataset\YELLOW-RUST-19\YELLOW-RUST-19\healthy\0_I_1461.jpg,MRMS,19.77,75.31,0.66,5.6,0.32
261,18-09-2023,ezyZip\Dataset\YELLOW-RUST-19\YELLOW-RUST-19\MRMS\3_MRMS_980.jpg,MRMS,18.17,73.72,0.67,5.8,0.46
262,19-09-2023,ezyZip\Dataset\YELLOW-RUST-19\YELLOW-RUST-19\healthy\0_I_2354.jpg,MRMS,19.79,67.6,0.65,5.63,0.35
263,20-09-2023,ezyZip\Dataset\YELLOW-RUST-19\YELLOW-RUST-19\MR\2_MR_364.jpg,MRMS,20.57,60.61,0.65,5.99,0.41
264,21-09-2023,ezyZip\Dataset\YELLOW-RUST-19\YELLOW-RUST-19\S\5_S_2301.jpg,MRMS,19.95,76.1,0.65,5.76,0.33
265,22-09-2023,ezyZip\Dataset\YELLOW-RUST-19\YELLOW-RUST-19\R\1_R_77.jpg,MRMS,20.47,71.47,0.65,5.54,0.44
266,23-09-2023,ezyZip\Dataset\YELLOW-RUST-19\YELLOW-RUST-19\MR\2_MR_1595.jpg,MRMS,20.84,77.24,0.65,5.6,0.33
267,24-09-2023,ezyZip\Dataset\YELLOW-RUST-19\YELLOW-RUST-19\R\1_R_112.jpg,MRMS,19,75.95,0.65,5.55,0.45
268,25-09-2023,ezyZip\Dataset\YELLOW-RUST-19\YELLOW-RUST-19\S\5_S_2024.jpg,MRMS,20.46,76.51,0.67,5.68,0.38
269,26-09-2023,ezyZip\Dataset\YELLOW-RUST-19\YELLOW-RUST-19\MS\4_MS_1971.jpg,MRMS,20.58,67.71,0.65,5.81,0.38
270,27-09-2023,ezyZip\Dataset\YELLOW-RUST-19\YELLOW-RUST-19\R\1_R_1697.jpg,MRMS,20.21,79.59,0.66,5.79,0.31
271,28-09-2023,ezyZip\Dataset\YELLOW-RUST-19\YELLOW-RUST-19\MRMS\3_MRMS_265.jpg,MRMS,19.34,69.88,0.67,5.69,0.45
272,29-09-2023,ezyZip\Dataset\YELLOW-RUST-19\YELLOW-RUST-19\MRMS\3_MRMS_1223.jpg,MRMS,19.53,63.07,0.66,5.62,0.48
273,30-09-2023,ezyZip\Dataset\YELLOW-RUST-19\YELLOW-RUST-19\MS\4_MS_2393.jpg,MRMS,19.19,74.23,0.66,5.68,0.36
274,01-10-2023,ezyZip\Dataset\YELLOW-RUST-19\YELLOW-RUST-19\MR\2_MR_175.jpg,MRMS,20.43,63.67,0.67,5.8,0.3
275,02-10-2023,ezyZip\Dataset\YELLOW-RUST-19\YELLOW-RUST-19\MS\4_MS_2324.jpg,MRMS,19.54,66.77,0.66,5.7,0.46
276,03-10-2023,ezyZip\Dataset\YELLOW-RUST-19\YELLOW-RUST-19\S\5_S_310.jpg,MRMS,20.54,60.31,0.65,5.54,0.45
277,04-10-2023,ezyZip\Dataset\YELLOW-RUST-19\YELLOW-RUST-19\R\1_R_2493.jpg,MRMS,20.68,64.83,0.67,5.65,0.34
278,05-10-2023,ezyZip\Dataset\YELLOW-RUST-19\YELLOW-RUST-19\MR\2_MR_1060.jpg,MRMS,18.03,76.78,0.67,5.75,0.49
279,06-10-2023,ezyZip\Dataset\YELLOW-RUST-19\YELLOW-RUST-19\MR\2_MR_1442.jpg,MRMS,20.11,72.4,0.65,5.82,0.41
280,07-10-2023,ezyZip\Dataset\YELLOW-RUST-19\YELLOW-RUST-19\S\5_S_910.jpg,MRMS,20.96,67.35,0.65,5.63,0.4
281,08-10-2023,ezyZip\Dataset\YELLOW-RUST-19\YELLOW-RUST-19\MRMS\3_MRMS_1590.jpg,MRMS,20.33,72.83,0.66,5.55,0.48
282,09-10-2023,ezyZip\Dataset\YELLOW-RUST-19\YELLOW-RUST-19\healthy\0_I_549.jpg,MRMS,20.57,66.4,0.67,5.86,0.35
283,10-10-2023,ezyZip\Dataset\YELLOW-RUST-19\YELLOW-RUST-19\MR\2_MR_1219.jpg,MRMS,19.67,77.6,0.65,5.66,0.49
284,11-10-2023,ezyZip\Dataset\YELLOW-RUST-19\YELLOW-RUST-19\S\5_S_640.jpg,MRMS,19.99,72.98,0.67,5.59,0.38
285,12-10-2023,ezyZip\Dataset\YELLOW-RUST-19\YELLOW-RUST-19\healthy\0_I_1328.jpg,MRMS,18.4,65.42,0.66,5.71,0.44
286,13-10-2023,ezyZip\Dataset\YELLOW-RUST-19\YELLOW-RUST-19\R\1_R_591.jpg,MRMS,19.87,74.75,0.67,5.52,0.38
287,14-10-2023,ezyZip\Dataset\YELLOW-RUST-19\YELLOW-RUST-19\MRMS\3_MRMS_1825.jpg,MRMS,18.92,73.74,0.66,5.7,0.33
288,15-10-2023,ezyZip\Dataset\YELLOW-RUST-19\YELLOW-RUST-19\S\5_S_2000.jpg,MRMS,19.14,66.39,0.66,5.52,0.37
289,16-10-2023,ezyZip\Dataset\YELLOW-RUST-19\YELLOW-RUST-19\MS\4_MS_659.jpg,MRMS,20.88,66.52,0.67,5.96,0.32
290,17-10-2023,ezyZip\Dataset\YELLOW-RUST-19\YELLOW-RUST-19\S\5_S_1142.jpg,MRMS,20.25,63.04,0.66,5.91,0.38
291,18-10-2023,ezyZip\Dataset\YELLOW-RUST-19\YELLOW-RUST-19\S\5_S_1579.jpg,MRMS,20.69,71.98,0.66,5.71,0.36
292,19-10-2023,ezyZip\Dataset\YELLOW-RUST-19\YELLOW-RUST-19\S\5_S_467.jpg,MRMS,18.19,67.44,0.66,5.51,0.42
293,20-10-2023,ezyZip\Dataset\YELLOW-RUST-19\YELLOW-RUST-19\MR\2_MR_1478.jpg,MRMS,20.5,67.98,0.67,5.56,0.3
294,21-10-2023,ezyZip\Dataset\YELLOW-RUST-19\YELLOW-RUST-19\MRMS\3_MRMS_930.jpg,MRMS,20.15,70.73,0.65,5.97,0.39
295,22-10-2023,ezyZip\Dataset\YELLOW-RUST-19\YELLOW-RUST-19\S\5_S_1384.jpg,MRMS,19.21,78.62,0.66,5.64,0.42
296,23-10-2023,ezyZip\Dataset\YELLOW-RUST-19\YELLOW-RUST-19\MRMS\3_MRMS_2316.jpg,MRMS,20.67,73.31,0.66,5.6,0.43
297,24-10-2023,ezyZip\Dataset\YELLOW-RUST-19\YELLOW-RUST-19\MR\2_MR_2292.jpg,MRMS,18.15,69.83,0.65,5.55,0.37
298,25-10-2023,ezyZip\Dataset\YELLOW-RUST-19\YELLOW-RUST-19\healthy\0_I_2163.jpg,MRMS,18.1,69.8,0.66,5.76,0.45
299,26-10-2023,ezyZip\Dataset\YELLOW-RUST-19\YELLOW-RUST-19\R\1_R_562.jpg,MRMS,18.59,74.74,0.67,5.86,0.48
300,27-10-2023,ezyZip\Dataset\YELLOW-RUST-19\YELLOW-RUST-19\S\5_S_1008.jpg,MRMS,19.93,71.94,0.65,5.91,0.31
301,28-10-2023,ezyZip\Dataset\YELLOW-RUST-19\YELLOW-RUST-19\S\5_S_1984.jpg,MS,17.02,74.33,0.67,5.72,0.69
302,29-10-2023,ezyZip\Dataset\YELLOW-RUST-19\YELLOW-RUST-19\healthy\0_I_47.jpg,MS,17.17,82.16,0.65,5.65,0.63
303,30-10-2023,ezyZip\Dataset\YELLOW-RUST-19\YELLOW-RUST-19\MRMS\3_MRMS_38.jpg,MS,16.92,88.26,0.67,5.78,0.68
304,31-10-2023,ezyZip\Dataset\YELLOW-RUST-19\YELLOW-RUST-19\S\5_S_682.jpg,MS,17.03,75.32,0.67,5.77,0.63
305,01-11-2023,ezyZip\Dataset\YELLOW-RUST-19\YELLOW-RUST-19\MR\2_MR_1099.jpg,MS,17.35,82.07,0.68,5.68,0.68
306,02-11-2023,ezyZip\Dataset\YELLOW-RUST-19\YELLOW-RUST-19\R\1_R_1725.jpg,MS,17.34,60.56,0.65,5.62,0.58
307,03-11-2023,ezyZip\Dataset\YELLOW-RUST-19\YELLOW-RUST-19\MS\4_MS_1265.jpg,MS,17.82,89.81,0.66,5.6,0.66
308,04-11-2023,ezyZip\Dataset\YELLOW-RUST-19\YELLOW-RUST-19\S\5_S_1418.jpg,MS,16.32,85.75,0.67,5.68,0.7
309,05-11-2023,ezyZip\Dataset\YELLOW-RUST-19\YELLOW-RUST-19\healthy\0_I_1794.jpg,MS,16.72,88.11,0.68,5.74,0.6
310,06-11-2023,ezyZip\Dataset\YELLOW-RUST-19\YELLOW-RUST-19\healthy\0_I_362.jpg,MS,17.14,66.11,0.67,5.55,0.7
311,07-11-2023,ezyZip\Dataset\YELLOW-RUST-19\YELLOW-RUST-19\MRMS\3_MRMS_828.jpg,MS,16.44,69.3,0.66,5.68,0.67
312,08-11-2023,ezyZip\Dataset\YELLOW-RUST-19\YELLOW-RUST-19\MS\4_MS_1695.jpg,MS,17.45,67.2,0.68,5.67,0.63
313,09-11-2023,ezyZip\Dataset\YELLOW-RUST-19\YELLOW-RUST-19\R\1_R_458.jpg,MS,17.54,81.45,0.65,5.76,0.68
314,10-11-2023,ezyZip\Dataset\YELLOW-RUST-19\YELLOW-RUST-19\healthy\0_I_76.jpg,MS,16.32,80.58,0.65,5.78,0.53
315,11-11-2023,ezyZip\Dataset\YELLOW-RUST-19\YELLOW-RUST-19\MRMS\3_MRMS_201.jpg,MS,16.69,82.02,0.67,5.69,0.51
316,12-11-2023,ezyZip\Dataset\YELLOW-RUST-19\YELLOW-RUST-19\healthy\0_I_726.jpg,MS,16.26,84.76,0.67,5.79,0.66
317,13-11-2023,ezyZip\Dataset\YELLOW-RUST-19\YELLOW-RUST-19\R\1_R_511.jpg,MS,17.96,77.68,0.68,5.59,0.57
318,14-11-2023,ezyZip\Dataset\YELLOW-RUST-19\YELLOW-RUST-19\MS\4_MS_1939.jpg,MS,17.25,78.58,0.66,5.63,0.55
319,15-11-2023,ezyZip\Dataset\YELLOW-RUST-19\YELLOW-RUST-19\MR\2_MR_1986.jpg,MS,17.15,74.45,0.67,5.72,0.56
320,16-11-2023,ezyZip\Dataset\YELLOW-RUST-19\YELLOW-RUST-19\MS\4_MS_797.jpg,MS,17.37,63.07,0.66,5.8,0.62
321,17-11-2023,ezyZip\Dataset\YELLOW-RUST-19\YELLOW-RUST-19\MS\4_MS_285.jpg,MS,16.02,68.34,0.66,5.66,0.56
322,18-11-2023,ezyZip\Dataset\YELLOW-RUST-19\YELLOW-RUST-19\MRMS\3_MRMS_865.jpg,MS,16.46,80.91,0.66,5.54,0.5
323,19-11-2023,ezyZip\Dataset\YELLOW-RUST-19\YELLOW-RUST-19\MR\2_MR_2241.jpg,MS,17.65,87.81,0.67,5.54,0.64
324,20-11-2023,ezyZip\Dataset\YELLOW-RUST-19\YELLOW-RUST-19\healthy\0_I_2139.jpg,MS,16.6,84.33,0.68,5.63,0.53
325,21-11-2023,ezyZip\Dataset\YELLOW-RUST-19\YELLOW-RUST-19\MS\4_MS_679.jpg,MS,17.86,82.15,0.68,5.61,0.58
326,22-11-2023,ezyZip\Dataset\YELLOW-RUST-19\YELLOW-RUST-19\MRMS\3_MRMS_839.jpg,MS,17.74,65.36,0.67,5.76,0.55
327,23-11-2023,ezyZip\Dataset\YELLOW-RUST-19\YELLOW-RUST-19\MS\4_MS_1320.jpg,MS,17.75,79.93,0.65,5.75,0.68
328,24-11-2023,ezyZip\Dataset\YELLOW-RUST-19\YELLOW-RUST-19\MRMS\3_MRMS_864.jpg,MS,16.37,75.11,0.66,5.69,0.58
329,25-11-2023,ezyZip\Dataset\YELLOW-RUST-19\YELLOW-RUST-19\healthy\0_I_1145.jpg,MS,17.41,60.21,0.68,5.58,0.63
330,26-11-2023,ezyZip\Dataset\YELLOW-RUST-19\YELLOW-RUST-19\R\1_R_2442.jpg,MS,16.42,88.06,0.66,5.7,0.64
331,27-11-2023,ezyZip\Dataset\YELLOW-RUST-19\YELLOW-RUST-19\MRMS\3_MRMS_1205.jpg,MS,16.49,60.86,0.67,5.54,0.5
332,28-11-2023,ezyZip\Dataset\YELLOW-RUST-19\YELLOW-RUST-19\S\5_S_1288.jpg,MS,17.35,78.62,0.68,5.56,0.65
333,29-11-2023,ezyZip\Dataset\YELLOW-RUST-19\YELLOW-RUST-19\S\5_S_763.jpg,MS,17.73,65.27,0.67,5.54,0.6
334,30-11-2023,ezyZip\Dataset\YELLOW-RUST-19\YELLOW-RUST-19\S\5_S_2130.jpg,MS,16.15,64.53,0.67,5.68,0.53
335,01-12-2023,ezyZip\Dataset\YELLOW-RUST-19\YELLOW-RUST-19\R\1_R_1979.jpg,MS,16.56,81.49,0.67,5.61,0.62
336,02-12-2023,ezyZip\Dataset\YELLOW-RUST-19\YELLOW-RUST-19\R\1_R_47.jpg,MS,17.68,78.48,0.67,5.66,0.66
337,03-12-2023,ezyZip\Dataset\YELLOW-RUST-19\YELLOW-RUST-19\S\5_S_1614.jpg,MS,17.35,85.5,0.67,5.57,0.69
338,04-12-2023,ezyZip\Dataset\YELLOW-RUST-19\YELLOW-RUST-19\MRMS\3_MRMS_474.jpg,MS,17.25,75.98,0.67,5.7,0.61
339,05-12-2023,ezyZip\Dataset\YELLOW-RUST-19\YELLOW-RUST-19\MRMS\3_MRMS_202.jpg,MS,16.19,61.33,0.66,5.61,0.55
340,06-12-2023,ezyZip\Dataset\YELLOW-RUST-19\YELLOW-RUST-19\R\1_R_1293.jpg,MS,16.71,70.54,0.66,5.59,0.68
341,07-12-2023,ezyZip\Dataset\YELLOW-RUST-19\YELLOW-RUST-19\MRMS\3_MRMS_309.jpg,MS,17.06,73.83,0.66,5.63,0.53
342,08-12-2023,ezyZip\Dataset\YELLOW-RUST-19\YELLOW-RUST-19\S\5_S_1696.jpg,MS,16.92,88.74,0.66,5.55,0.69
343,09-12-2023,ezyZip\Dataset\YELLOW-RUST-19\YELLOW-RUST-19\MS\4_MS_658.jpg,MS,16.09,69.95,0.66,5.79,0.7
344,10-12-2023,ezyZip\Dataset\YELLOW-RUST-19\YELLOW-RUST-19\MS\4_MS_800.jpg,MS,16.52,88.42,0.66,5.57,0.58
345,11-12-2023,ezyZip\Dataset\YELLOW-RUST-19\YELLOW-RUST-19\healthy\0_I_1072.jpg,MS,16.76,83.17,0.66,5.74,0.59
346,12-12-2023,ezyZip\Dataset\YELLOW-RUST-19\YELLOW-RUST-19\MR\2_MR_1873.jpg,MS,16.09,63.03,0.67,5.67,0.68
347,13-12-2023,ezyZip\Dataset\YELLOW-RUST-19\YELLOW-RUST-19\healthy\0_I_1570.jpg,MS,16.3,71.06,0.67,5.75,0.7
348,14-12-2023,ezyZip\Dataset\YELLOW-RUST-19\YELLOW-RUST-19\R\1_R_902.jpg,MS,16.01,79.28,0.67,5.65,0.61
349,15-12-2023,ezyZip\Dataset\YELLOW-RUST-19\YELLOW-RUST-19\MS\4_MS_2235.jpg,MS,17.94,76,0.68,5.57,0.51
350,16-12-2023,ezyZip\Dataset\YELLOW-RUST-19\YELLOW-RUST-19\MS\4_MS_1597.jpg,MS,16.75,85.15,0.67,5.6,0.64
351,17-12-2023,ezyZip\Dataset\YELLOW-RUST-19\YELLOW-RUST-19\MR\2_MR_2267.jpg,MS,17.95,85.79,0.66,5.76,0.63
352,18-12-2023,ezyZip\Dataset\YELLOW-RUST-19\YELLOW-RUST-19\MS\4_MS_110.jpg,MS,17.64,74.63,0.66,5.77,0.69
353,19-12-2023,ezyZip\Dataset\YELLOW-RUST-19\YELLOW-RUST-19\healthy\0_I_97.jpg,MS,16.68,80.68,0.66,5.5,0.69
354,20-12-2023,ezyZip\Dataset\YELLOW-RUST-19\YELLOW-RUST-19\MS\4_MS_737.jpg,MS,16.36,68.05,0.66,5.77,0.63
355,21-12-2023,ezyZip\Dataset\YELLOW-RUST-19\YELLOW-RUST-19\healthy\0_I_648.jpg,MS,16.48,64.41,0.66,5.6,0.65
356,22-12-2023,ezyZip\Dataset\YELLOW-RUST-19\YELLOW-RUST-19\MR\2_MR_1015.jpg,MS,17.4,61.86,0.66,5.7,0.69
357,23-12-2023,ezyZip\Dataset\YELLOW-RUST-19\YELLOW-RUST-19\MRMS\3_MRMS_878.jpg,MS,17.58,64.19,0.67,5.72,0.68
358,24-12-2023,ezyZip\Dataset\YELLOW-RUST-19\YELLOW-RUST-19\MRMS\3_MRMS_488.jpg,MS,16.11,84.5,0.65,5.69,0.65
359,25-12-2023,ezyZip\Dataset\YELLOW-RUST-19\YELLOW-RUST-19\MS\4_MS_1110.jpg,MS,17.86,89.91,0.65,5.58,0.66
360,26-12-2023,ezyZip\Dataset\YELLOW-RUST-19\YELLOW-RUST-19\S\5_S_218.jpg,MS,17.33,74.92,0.66,5.64,0.62
361,27-12-2023,ezyZip\Dataset\YELLOW-RUST-19\YELLOW-RUST-19\S\5_S_1863.jpg,MS,17.29,86.69,0.66,5.55,0.53
362,28-12-2023,ezyZip\Dataset\YELLOW-RUST-19\YELLOW-RUST-19\MRMS\3_MRMS_291.jpg,MS,17.28,64.86,0.65,5.69,0.5
363,29-12-2023,ezyZip\Dataset\YELLOW-RUST-19\YELLOW-RUST-19\healthy\0_I_147.jpg,MS,16.86,63.48,0.68,5.68,0.52
364,30-12-2023,ezyZip\Dataset\YELLOW-RUST-19\YELLOW-RUST-19\S\5_S_647.jpg,MS,17.06,69.02,0.65,5.54,0.56
365,31-12-2023,ezyZip\Dataset\YELLOW-RUST-19\YELLOW-RUST-19\MRMS\3_MRMS_1876.jpg,MS,17.35,86.05,0.66,5.62,0.6
366,01-01-2024,ezyZip\Dataset\YELLOW-RUST-19\YELLOW-RUST-19\R\1_R_1450.jpg,MS,16.29,81.01,0.68,5.68,0.58
367,02-01-2024,ezyZip\Dataset\YELLOW-RUST-19\YELLOW-RUST-19\S\5_S_563.jpg,MS,16.52,82.54,0.65,5.57,0.58
368,03-01-2024,ezyZip\Dataset\YELLOW-RUST-19\YELLOW-RUST-19\healthy\0_I_2210.jpg,MS,16.86,63.39,0.66,5.69,0.66
369,04-01-2024,ezyZip\Dataset\YELLOW-RUST-19\YELLOW-RUST-19\MRMS\3_MRMS_503.jpg,MS,16.55,68.86,0.68,5.59,0.62
370,05-01-2024,ezyZip\Dataset\YELLOW-RUST-19\YELLOW-RUST-19\S\5_S_490.jpg,MS,17.61,60.1,0.65,5.69,0.54
371,06-01-2024,ezyZip\Dataset\YELLOW-RUST-19\YELLOW-RUST-19\MS\4_MS_2406.jpg,MS,16.98,82.94,0.66,5.61,0.68
372,07-01-2024,ezyZip\Dataset\YELLOW-RUST-19\YELLOW-RUST-19\MRMS\3_MRMS_1715.jpg,MS,17.98,77.51,0.65,5.63,0.68
373,08-01-2024,ezyZip\Dataset\YELLOW-RUST-19\YELLOW-RUST-19\MS\4_MS_1623.jpg,MS,17.52,64.27,0.67,5.79,0.55
374,09-01-2024,ezyZip\Dataset\YELLOW-RUST-19\YELLOW-RUST-19\S\5_S_726.jpg,MS,16.69,83.88,0.66,5.71,0.6
375,10-01-2024,ezyZip\Dataset\YELLOW-RUST-19\YELLOW-RUST-19\MS\4_MS_943.jpg,MS,16.56,74.49,0.67,5.7,0.6
376,11-01-2024,ezyZip\Dataset\YELLOW-RUST-19\YELLOW-RUST-19\R\1_R_745.jpg,MS,16.79,85.44,0.67,5.64,0.59
377,12-01-2024,ezyZip\Dataset\YELLOW-RUST-19\YELLOW-RUST-19\R\1_R_618.jpg,MS,16.06,63.45,0.68,5.54,0.67
378,13-01-2024,ezyZip\Dataset\YELLOW-RUST-19\YELLOW-RUST-19\MS\4_MS_1465.jpg,MS,17.05,66.18,0.68,5.74,0.65
379,14-01-2024,ezyZip\Dataset\YELLOW-RUST-19\YELLOW-RUST-19\MR\2_MR_1197.jpg,MS,17.19,69.77,0.68,5.79,0.66
380,15-01-2024,ezyZip\Dataset\YELLOW-RUST-19\YELLOW-RUST-19\healthy\0_I_2345.jpg,MS,16.43,65.05,0.66,5.76,0.61
381,16-01-2024,ezyZip\Dataset\YELLOW-RUST-19\YELLOW-RUST-19\S\5_S_1925.jpg,MS,17.08,89.17,0.66,5.68,0.63
382,17-01-2024,ezyZip\Dataset\YELLOW-RUST-19\YELLOW-RUST-19\MRMS\3_MRMS_2256.jpg,MS,17.64,81.32,0.67,5.71,0.51
383,18-01-2024,ezyZip\Dataset\YELLOW-RUST-19\YELLOW-RUST-19\MS\4_MS_1077.jpg,MS,16.11,81.23,0.66,5.78,0.51
384,19-01-2024,ezyZip\Dataset\YELLOW-RUST-19\YELLOW-RUST-19\MR\2_MR_1005.jpg,MS,16.83,85.72,0.66,5.51,0.55
385,20-01-2024,ezyZip\Dataset\YELLOW-RUST-19\YELLOW-RUST-19\R\1_R_756.jpg,MS,17.92,69.39,0.65,5.69,0.66
386,21-01-2024,ezyZip\Dataset\YELLOW-RUST-19\YELLOW-RUST-19\healthy\0_I_317.jpg,MS,17.38,69.54,0.66,5.63,0.62
387,22-01-2024,ezyZip\Dataset\YELLOW-RUST-19\YELLOW-RUST-19\MS\4_MS_1298.jpg,MS,16.3,72.71,0.65,5.63,0.58
388,23-01-2024,ezyZip\Dataset\YELLOW-RUST-19\YELLOW-RUST-19\R\1_R_435.jpg,MS,17.93,61.12,0.66,5.79,0.59
389,24-01-2024,ezyZip\Dataset\YELLOW-RUST-19\YELLOW-RUST-19\MS\4_MS_974.jpg,MS,16.74,64.87,0.67,5.69,0.67
390,25-01-2024,ezyZip\Dataset\YELLOW-RUST-19\YELLOW-RUST-19\R\1_R_313.jpg,MS,17.35,89.72,0.68,5.59,0.66
391,26-01-2024,ezyZip\Dataset\YELLOW-RUST-19\YELLOW-RUST-19\R\1_R_1306.jpg,MS,16.64,64.74,0.65,5.54,0.59
392,27-01-2024,ezyZip\Dataset\YELLOW-RUST-19\YELLOW-RUST-19\MRMS\3_MRMS_414.jpg,MS,16.9,76.94,0.67,5.63,0.6
393,28-01-2024,ezyZip\Dataset\YELLOW-RUST-19\YELLOW-RUST-19\MRMS\3_MRMS_1400.jpg,MS,16.3,67.05,0.68,5.68,0.52
394,29-01-2024,ezyZip\Dataset\YELLOW-RUST-19\YELLOW-RUST-19\MR\2_MR_908.jpg,MS,16.71,61.78,0.66,5.65,0.69
395,30-01-2024,ezyZip\Dataset\YELLOW-RUST-19\YELLOW-RUST-19\R\1_R_1380.jpg,MS,16.96,82.83,0.67,5.62,0.59
396,31-01-2024,ezyZip\Dataset\YELLOW-RUST-19\YELLOW-RUST-19\MR\2_MR_708.jpg,MS,16.49,83.76,0.65,5.65,0.68
397,01-02-2024,ezyZip\Dataset\YELLOW-RUST-19\YELLOW-RUST-19\S\5_S_1694.jpg,MS,16.23,87.95,0.65,5.75,0.55
398,02-02-2024,ezyZip\Dataset\YELLOW-RUST-19\YELLOW-RUST-19\R\1_R_1756.jpg,MS,16.83,72.11,0.65,5.66,0.59
399,03-02-2024,ezyZip\Dataset\YELLOW-RUST-19\YELLOW-RUST-19\MRMS\3_MRMS_1591.jpg,MS,17.63,63.29,0.65,5.73,0.66
400,04-02-2024,ezyZip\Dataset\YELLOW-RUST-19\YELLOW-RUST-19\MR\2_MR_820.jpg,MS,17.33,79.28,0.66,5.55,0.63
401,05-02-2024,ezyZip\Dataset\YELLOW-RUST-19\YELLOW-RUST-19\R\1_R_823.jpg,R,18.22,86.49,0.68,5.22,0.81
402,06-02-2024,ezyZip\Dataset\YELLOW-RUST-19\YELLOW-RUST-19\MR\2_MR_786.jpg,R,17.24,86.82,0.65,5.48,0.72
403,07-02-2024,ezyZip\Dataset\YELLOW-RUST-19\YELLOW-RUST-19\MR\2_MR_1289.jpg,R,18.84,86.32,0.65,5.46,0.82
404,08-02-2024,ezyZip\Dataset\YELLOW-RUST-19\YELLOW-RUST-19\MS\4_MS_749.jpg,R,17.78,85.09,0.66,5.35,0.9
405,09-02-2024,ezyZip\Dataset\YELLOW-RUST-19\YELLOW-RUST-19\R\1_R_1397.jpg,R,16.67,85.44,0.68,5.3,0.72
406,10-02-2024,ezyZip\Dataset\YELLOW-RUST-19\YELLOW-RUST-19\MS\4_MS_845.jpg,R,15.94,87.9,0.66,5.5,0.72
407,11-02-2024,ezyZip\Dataset\YELLOW-RUST-19\YELLOW-RUST-19\R\1_R_1692.jpg,R,16.56,86.94,0.67,5.37,0.77
408,12-02-2024,ezyZip\Dataset\YELLOW-RUST-19\YELLOW-RUST-19\MR\2_MR_806.jpg,R,18.12,85.99,0.66,5.42,0.8
409,13-02-2024,ezyZip\Dataset\YELLOW-RUST-19\YELLOW-RUST-19\R\1_R_1628.jpg,R,15.03,81.29,0.68,5.45,0.89
410,14-02-2024,ezyZip\Dataset\YELLOW-RUST-19\YELLOW-RUST-19\MS\4_MS_1409.jpg,R,18.8,80.62,0.66,5.45,0.85
411,15-02-2024,ezyZip\Dataset\YELLOW-RUST-19\YELLOW-RUST-19\healthy\0_I_175.jpg,R,17.29,83.21,0.66,5.27,0.81
412,16-02-2024,ezyZip\Dataset\YELLOW-RUST-19\YELLOW-RUST-19\MS\4_MS_1100.jpg,R,16.23,84.03,0.67,5.24,0.85
413,17-02-2024,ezyZip\Dataset\YELLOW-RUST-19\YELLOW-RUST-19\R\1_R_2488.jpg,R,16.43,82.5,0.66,5.39,0.89
414,18-02-2024,ezyZip\Dataset\YELLOW-RUST-19\YELLOW-RUST-19\healthy\0_I_1340.jpg,R,18.42,80.95,0.65,5.35,0.72
415,19-02-2024,ezyZip\Dataset\YELLOW-RUST-19\YELLOW-RUST-19\MRMS\3_MRMS_705.jpg,R,18.4,84.2,0.68,5.22,0.83
416,20-02-2024,ezyZip\Dataset\YELLOW-RUST-19\YELLOW-RUST-19\S\5_S_1345.jpg,R,17.94,82.97,0.66,5.22,0.74
417,21-02-2024,ezyZip\Dataset\YELLOW-RUST-19\YELLOW-RUST-19\R\1_R_96.jpg,R,17.17,88.58,0.67,5.26,0.72
418,22-02-2024,ezyZip\Dataset\YELLOW-RUST-19\YELLOW-RUST-19\healthy\0_I_1184.jpg,R,16.74,89.46,0.68,5.29,0.87
419,23-02-2024,ezyZip\Dataset\YELLOW-RUST-19\YELLOW-RUST-19\healthy\0_I_735.jpg,R,19.21,80.99,0.67,5.39,0.76
420,24-02-2024,ezyZip\Dataset\YELLOW-RUST-19\YELLOW-RUST-19\healthy\0_I_1497.jpg,R,15.83,88.18,0.68,5.35,0.73
421,25-02-2024,ezyZip\Dataset\YELLOW-RUST-19\YELLOW-RUST-19\MS\4_MS_1051.jpg,R,19.65,83.9,0.67,5.46,0.83
422,26-02-2024,ezyZip\Dataset\YELLOW-RUST-19\YELLOW-RUST-19\healthy\0_I_1107.jpg,R,15.23,89.52,0.66,5.45,0.83
423,27-02-2024,ezyZip\Dataset\YELLOW-RUST-19\YELLOW-RUST-19\MRMS\3_MRMS_1491.jpg,R,18.59,84.59,0.65,5.23,0.88
424,28-02-2024,ezyZip\Dataset\YELLOW-RUST-19\YELLOW-RUST-19\MS\4_MS_1367.jpg,R,18.86,87.74,0.68,5.43,0.76
425,29-02-2024,ezyZip\Dataset\YELLOW-RUST-19\YELLOW-RUST-19\healthy\0_I_2339.jpg,R,18.43,84.02,0.69,5.3,0.86
426,01-03-2024,ezyZip\Dataset\YELLOW-RUST-19\YELLOW-RUST-19\S\5_S_22.jpg,R,18.33,85.12,0.66,5.42,0.73
427,02-03-2024,ezyZip\Dataset\YELLOW-RUST-19\YELLOW-RUST-19\healthy\0_I_717.jpg,R,17.69,86.48,0.68,5.36,0.76
428,03-03-2024,ezyZip\Dataset\YELLOW-RUST-19\YELLOW-RUST-19\R\1_R_2463.jpg,R,15.11,84.95,0.66,5.22,0.84
429,04-03-2024,ezyZip\Dataset\YELLOW-RUST-19\YELLOW-RUST-19\S\5_S_708.jpg,R,18.65,85.72,0.67,5.36,0.85
430,05-03-2024,ezyZip\Dataset\YELLOW-RUST-19\YELLOW-RUST-19\MR\2_MR_905.jpg,R,16.64,85.78,0.69,5.28,0.82
431,06-03-2024,ezyZip\Dataset\YELLOW-RUST-19\YELLOW-RUST-19\MR\2_MR_780.jpg,R,19.68,89.37,0.68,5.34,0.81
432,07-03-2024,ezyZip\Dataset\YELLOW-RUST-19\YELLOW-RUST-19\healthy\0_I_336.jpg,R,17.47,89.63,0.66,5.41,0.73
433,08-03-2024,ezyZip\Dataset\YELLOW-RUST-19\YELLOW-RUST-19\MS\4_MS_1088.jpg,R,17.31,89.02,0.68,5.45,0.82
434,09-03-2024,ezyZip\Dataset\YELLOW-RUST-19\YELLOW-RUST-19\MR\2_MR_2275.jpg,R,16.19,81.05,0.66,5.4,0.79
435,10-03-2024,ezyZip\Dataset\YELLOW-RUST-19\YELLOW-RUST-19\R\1_R_1649.jpg,R,19.27,85.19,0.66,5.28,0.84
436,11-03-2024,ezyZip\Dataset\YELLOW-RUST-19\YELLOW-RUST-19\MR\2_MR_649.jpg,R,15.94,86.35,0.65,5.24,0.71
437,12-03-2024,ezyZip\Dataset\YELLOW-RUST-19\YELLOW-RUST-19\MS\4_MS_615.jpg,R,16.24,89.38,0.66,5.49,0.89
438,13-03-2024,ezyZip\Dataset\YELLOW-RUST-19\YELLOW-RUST-19\MRMS\3_MRMS_821.jpg,R,19.18,84.24,0.65,5.47,0.75
439,14-03-2024,ezyZip\Dataset\YELLOW-RUST-19\YELLOW-RUST-19\MS\4_MS_1419.jpg,R,15.28,81.41,0.66,5.43,0.83
440,15-03-2024,ezyZip\Dataset\YELLOW-RUST-19\YELLOW-RUST-19\MS\4_MS_411.jpg,R,16.42,80.14,0.67,5.32,0.83
441,16-03-2024,ezyZip\Dataset\YELLOW-RUST-19\YELLOW-RUST-19\S\5_S_193.jpg,R,16.81,80.52,0.67,5.26,0.82
442,17-03-2024,ezyZip\Dataset\YELLOW-RUST-19\YELLOW-RUST-19\healthy\0_I_110.jpg,R,16.91,89.16,0.66,5.21,0.88
443,18-03-2024,ezyZip\Dataset\YELLOW-RUST-19\YELLOW-RUST-19\S\5_S_571.jpg,R,17.74,80.44,0.68,5.42,0.88
444,19-03-2024,ezyZip\Dataset\YELLOW-RUST-19\YELLOW-RUST-19\MS\4_MS_935.jpg,R,15.83,87.73,0.68,5.3,0.88
445,20-03-2024,ezyZip\Dataset\YELLOW-RUST-19\YELLOW-RUST-19\healthy\0_I_225.jpg,R,16.2,87.14,0.68,5.2,0.84
446,21-03-2024,ezyZip\Dataset\YELLOW-RUST-19\YELLOW-RUST-19\MR\2_MR_1483.jpg,R,17.86,80.91,0.66,5.33,0.79
447,22-03-2024,ezyZip\Dataset\YELLOW-RUST-19\YELLOW-RUST-19\healthy\0_I_1374.jpg,R,19.55,83.79,0.65,5.44,0.78
448,23-03-2024,ezyZip\Dataset\YELLOW-RUST-19\YELLOW-RUST-19\healthy\0_I_286.jpg,R,18.06,80.45,0.65,5.4,0.84
449,24-03-2024,ezyZip\Dataset\YELLOW-RUST-19\YELLOW-RUST-19\R\1_R_1139.jpg,R,18.21,83.58,0.68,5.22,0.87
450,25-03-2024,ezyZip\Dataset\YELLOW-RUST-19\YELLOW-RUST-19\MR\2_MR_1348.jpg,R,15.29,81.21,0.67,5.3,0.71
451,26-03-2024,ezyZip\Dataset\YELLOW-RUST-19\YELLOW-RUST-19\R\1_R_1819.jpg,R,15.75,86.01,0.65,5.37,0.85
452,27-03-2024,ezyZip\Dataset\YELLOW-RUST-19\YELLOW-RUST-19\R\1_R_277.jpg,R,17.56,82.61,0.67,5.36,0.84
453,28-03-2024,ezyZip\Dataset\YELLOW-RUST-19\YELLOW-RUST-19\S\5_S_2193.jpg,R,16.3,84.12,0.65,5.43,0.78
454,29-03-2024,ezyZip\Dataset\YELLOW-RUST-19\YELLOW-RUST-19\MR\2_MR_510.jpg,R,16.01,80.34,0.67,5.22,0.72
455,30-03-2024,ezyZip\Dataset\YELLOW-RUST-19\YELLOW-RUST-19\S\5_S_158.jpg,R,18.67,82.66,0.67,5.25,0.72
456,31-03-2024,ezyZip\Dataset\YELLOW-RUST-19\YELLOW-RUST-19\MS\4_MS_2046.jpg,R,19.44,84.67,0.65,5.43,0.82
457,01-04-2024,ezyZip\Dataset\YELLOW-RUST-19\YELLOW-RUST-19\MRMS\3_MRMS_2120.jpg,R,18.19,85.54,0.65,5.35,0.84
458,02-04-2024,ezyZip\Dataset\YELLOW-RUST-19\YELLOW-RUST-19\MS\4_MS_1999.jpg,R,18.41,88.11,0.67,5.2,0.75
459,03-04-2024,ezyZip\Dataset\YELLOW-RUST-19\YELLOW-RUST-19\MR\2_MR_444.jpg,R,16.76,89.63,0.67,5.44,0.76
460,04-04-2024,ezyZip\Dataset\YELLOW-RUST-19\YELLOW-RUST-19\healthy\0_I_435.jpg,R,15.75,80.8,0.69,5.48,0.88
461,05-04-2024,ezyZip\Dataset\YELLOW-RUST-19\YELLOW-RUST-19\MS\4_MS_1585.jpg,R,18.33,86.63,0.66,5.48,0.7
462,06-04-2024,ezyZip\Dataset\YELLOW-RUST-19\YELLOW-RUST-19\MR\2_MR_1644.jpg,R,16.15,86.06,0.66,5.21,0.74
463,07-04-2024,ezyZip\Dataset\YELLOW-RUST-19\YELLOW-RUST-19\R\1_R_713.jpg,R,15.05,80.92,0.68,5.4,0.75
464,08-04-2024,ezyZip\Dataset\YELLOW-RUST-19\YELLOW-RUST-19\MS\4_MS_2295.jpg,R,15.52,84.72,0.66,5.32,0.88
465,09-04-2024,ezyZip\Dataset\YELLOW-RUST-19\YELLOW-RUST-19\MS\4_MS_2354.jpg,R,15.85,84.4,0.68,5.22,0.8
466,10-04-2024,ezyZip\Dataset\YELLOW-RUST-19\YELLOW-RUST-19\MS\4_MS_34.jpg,R,19.67,84.79,0.67,5.43,0.83
467,11-04-2024,ezyZip\Dataset\YELLOW-RUST-19\YELLOW-RUST-19\healthy\0_I_1427.jpg,R,19.76,80.44,0.66,5.48,0.83
468,12-04-2024,ezyZip\Dataset\YELLOW-RUST-19\YELLOW-RUST-19\MR\2_MR_2277.jpg,R,19.69,88.29,0.68,5.23,0.79
469,13-04-2024,ezyZip\Dataset\YELLOW-RUST-19\YELLOW-RUST-19\MR\2_MR_674.jpg,R,18.63,81.07,0.68,5.46,0.75
470,14-04-2024,ezyZip\Dataset\YELLOW-RUST-19\YELLOW-RUST-19\MR\2_MR_2143.jpg,R,15.05,81.18,0.66,5.35,0.82
471,15-04-2024,ezyZip\Dataset\YELLOW-RUST-19\YELLOW-RUST-19\S\5_S_12.jpg,R,18.48,80.63,0.68,5.26,0.78
472,16-04-2024,ezyZip\Dataset\YELLOW-RUST-19\YELLOW-RUST-19\MS\4_MS_1361.jpg,R,15.62,88.87,0.65,5.5,0.76
473,17-04-2024,ezyZip\Dataset\YELLOW-RUST-19\YELLOW-RUST-19\R\1_R_2427.jpg,R,18.36,82.66,0.68,5.35,0.71
474,18-04-2024,ezyZip\Dataset\YELLOW-RUST-19\YELLOW-RUST-19\MRMS\3_MRMS_128.jpg,R,17.57,86.57,0.66,5.5,0.77
475,19-04-2024,ezyZip\Dataset\YELLOW-RUST-19\YELLOW-RUST-19\MS\4_MS_1761.jpg,R,16.19,88.58,0.68,5.35,0.87
476,20-04-2024,ezyZip\Dataset\YELLOW-RUST-19\YELLOW-RUST-19\R\1_R_2080.jpg,R,18.93,84.51,0.66,5.43,0.83
477,21-04-2024,ezyZip\Dataset\YELLOW-RUST-19\YELLOW-RUST-19\MR\2_MR_163.jpg,R,17.23,82.24,0.69,5.23,0.87
478,22-04-2024,ezyZip\Dataset\YELLOW-RUST-19\YELLOW-RUST-19\MRMS\3_MRMS_269.jpg,R,19.89,83.6,0.65,5.3,0.83
479,23-04-2024,ezyZip\Dataset\YELLOW-RUST-19\YELLOW-RUST-19\MS\4_MS_792.jpg,R,15.17,87.56,0.67,5.32,0.76
480,24-04-2024,ezyZip\Dataset\YELLOW-RUST-19\YELLOW-RUST-19\MR\2_MR_914.jpg,R,15.55,85.21,0.68,5.25,0.74
481,25-04-2024,ezyZip\Dataset\YELLOW-RUST-19\YELLOW-RUST-19\MRMS\3_MRMS_751.jpg,R,17.94,80.2,0.68,5.49,0.7
482,26-04-2024,ezyZip\Dataset\YELLOW-RUST-19\YELLOW-RUST-19\MRMS\3_MRMS_1874.jpg,R,18.61,84.99,0.66,5.44,0.78
483,27-04-2024,ezyZip\Dataset\YELLOW-RUST-19\YELLOW-RUST-19\healthy\0_I_1065.jpg,R,16.12,89.08,0.67,5.44,0.85
484,28-04-2024,ezyZip\Dataset\YELLOW-RUST-19\YELLOW-RUST-19\MS\4_MS_2331.jpg,R,16.85,80.85,0.68,5.4,0.89
485,29-04-2024,ezyZip\Dataset\YELLOW-RUST-19\YELLOW-RUST-19\R\1_R_1448.jpg,R,16.62,89.85,0.66,5.3,0.81
486,30-04-2024,ezyZip\Dataset\YELLOW-RUST-19\YELLOW-RUST-19\S\5_S_399.jpg,R,19.82,83.89,0.66,5.45,0.86
487,01-05-2024,ezyZip\Dataset\YELLOW-RUST-19\YELLOW-RUST-19\MR\2_MR_2102.jpg,R,18.66,87.22,0.66,5.29,0.73
488,02-05-2024,ezyZip\Dataset\YELLOW-RUST-19\YELLOW-RUST-19\MR\2_MR_2231.jpg,R,15.53,84.48,0.65,5.26,0.89
489,03-05-2024,ezyZip\Dataset\YELLOW-RUST-19\YELLOW-RUST-19\MR\2_MR_1077.jpg,R,19.13,80.15,0.66,5.46,0.7
490,04-05-2024,ezyZip\Dataset\YELLOW-RUST-19\YELLOW-RUST-19\MS\4_MS_723.jpg,R,16.29,87.14,0.69,5.21,0.74
491,05-05-2024,ezyZip\Dataset\YELLOW-RUST-19\YELLOW-RUST-19\S\5_S_1674.jpg,R,17.93,80.56,0.67,5.32,0.86
492,06-05-2024,ezyZip\Dataset\YELLOW-RUST-19\YELLOW-RUST-19\MR\2_MR_483.jpg,R,18.13,89.85,0.68,5.31,0.77
493,07-05-2024,ezyZip\Dataset\YELLOW-RUST-19\YELLOW-RUST-19\MR\2_MR_761.jpg,R,17.16,83.22,0.68,5.44,0.83
494,08-05-2024,ezyZip\Dataset\YELLOW-RUST-19\YELLOW-RUST-19\S\5_S_94.jpg,R,17.04,86.38,0.66,5.5,0.86
495,09-05-2024,ezyZip\Dataset\YELLOW-RUST-19\YELLOW-RUST-19\healthy\0_I_1407.jpg,R,15.23,82.9,0.67,5.3,0.76
496,10-05-2024,ezyZip\Dataset\YELLOW-RUST-19\YELLOW-RUST-19\MS\4_MS_286.jpg,R,17.28,80.66,0.69,5.38,0.74
497,11-05-2024,ezyZip\Dataset\YELLOW-RUST-19\YELLOW-RUST-19\healthy\0_I_62.jpg,R,15.3,88.66,0.68,5.37,0.87
498,12-05-2024,ezyZip\Dataset\YELLOW-RUST-19\YELLOW-RUST-19\healthy\0_I_1172.jpg,R,17.46,87.19,0.69,5.41,0.89
499,13-05-2024,ezyZip\Dataset\YELLOW-RUST-19\YELLOW-RUST-19\MRMS\3_MRMS_2237.jpg,R,18,88.94,0.66,5.5,0.83
500,14-05-2024,ezyZip\Dataset\YELLOW-RUST-19\YELLOW-RUST-19\MR\2_MR_555.jpg,R,16.34,89.61,0.65,5.33,0.79
501,15-05-2024,ezyZip\Dataset\YELLOW-RUST-19\YELLOW-RUST-19\S\5_S_1966.jpg,S,12.14,95.1,0.76,4.88,0.91
502,16-05-2024,ezyZip\Dataset\YELLOW-RUST-19\YELLOW-RUST-19\MS\4_MS_516.jpg,S,10.71,99.79,0.76,4.45,0.93
503,17-05-2024,ezyZip\Dataset\YELLOW-RUST-19\YELLOW-RUST-19\R\1_R_1716.jpg,S,11.91,97.63,0.72,4.49,0.92
504,18-05-2024,ezyZip\Dataset\YELLOW-RUST-19\YELLOW-RUST-19\MRMS\3_MRMS_1971.jpg,S,14.93,94.49,0.77,4.08,0.92
505,19-05-2024,ezyZip\Dataset\YELLOW-RUST-19\YELLOW-RUST-19\MRMS\3_MRMS_950.jpg,S,11.71,99.17,0.75,4.64,0.91
506,20-05-2024,ezyZip\Dataset\YELLOW-RUST-19\YELLOW-RUST-19\MR\2_MR_1926.jpg,S,11.15,97.4,0.72,4.3,0.93
507,21-05-2024,ezyZip\Dataset\YELLOW-RUST-19\YELLOW-RUST-19\S\5_S_2207.jpg,S,13.12,99.75,0.76,4.64,0.9
508,22-05-2024,ezyZip\Dataset\YELLOW-RUST-19\YELLOW-RUST-19\MRMS\3_MRMS_1262.jpg,S,10.38,97.89,0.72,4.18,0.98
509,23-05-2024,ezyZip\Dataset\YELLOW-RUST-19\YELLOW-RUST-19\healthy\0_I_1777.jpg,S,13.98,95.96,0.73,4.37,0.96
510,24-05-2024,ezyZip\Dataset\YELLOW-RUST-19\YELLOW-RUST-19\MR\2_MR_2095.jpg,S,11.76,90.11,0.71,4.03,0.95
511,25-05-2024,ezyZip\Dataset\YELLOW-RUST-19\YELLOW-RUST-19\healthy\0_I_2291.jpg,S,12.54,97.43,0.7,4.02,0.96
512,26-05-2024,ezyZip\Dataset\YELLOW-RUST-19\YELLOW-RUST-19\R\1_R_1116.jpg,S,13.21,95.94,0.74,4.49,0.99
513,27-05-2024,ezyZip\Dataset\YELLOW-RUST-19\YELLOW-RUST-19\MRMS\3_MRMS_280.jpg,S,10.74,99.34,0.76,4.97,0.98
514,28-05-2024,ezyZip\Dataset\YELLOW-RUST-19\YELLOW-RUST-19\S\5_S_2223.jpg,S,13.26,92.61,0.75,4.22,0.98
515,29-05-2024,ezyZip\Dataset\YELLOW-RUST-19\YELLOW-RUST-19\R\1_R_999.jpg,S,14.55,98.07,0.75,4.44,0.95
516,30-05-2024,ezyZip\Dataset\YELLOW-RUST-19\YELLOW-RUST-19\MRMS\3_MRMS_483.jpg,S,13.48,96.32,0.71,4.84,0.94
517,31-05-2024,ezyZip\Dataset\YELLOW-RUST-19\YELLOW-RUST-19\healthy\0_I_1769.jpg,S,14.43,90.03,0.74,4.09,0.93
518,01-06-2024,ezyZip\Dataset\YELLOW-RUST-19\YELLOW-RUST-19\MRMS\3_MRMS_1713.jpg,S,11.24,93.51,0.73,4.1,0.98
519,02-06-2024,ezyZip\Dataset\YELLOW-RUST-19\YELLOW-RUST-19\MRMS\3_MRMS_1597.jpg,S,10.46,91.1,0.76,4.28,0.98
520,03-06-2024,ezyZip\Dataset\YELLOW-RUST-19\YELLOW-RUST-19\MRMS\3_MRMS_618.jpg,S,13.51,91.39,0.76,4.12,0.94
521,04-06-2024,ezyZip\Dataset\YELLOW-RUST-19\YELLOW-RUST-19\R\1_R_1066.jpg,S,15.64,90.46,0.78,4.71,0.99
522,05-06-2024,ezyZip\Dataset\YELLOW-RUST-19\YELLOW-RUST-19\S\5_S_115.jpg,S,12.44,92.06,0.77,4.48,0.9
523,06-06-2024,ezyZip\Dataset\YELLOW-RUST-19\YELLOW-RUST-19\healthy\0_I_131.jpg,S,14.05,96.77,0.72,4.41,0.97
524,07-06-2024,ezyZip\Dataset\YELLOW-RUST-19\YELLOW-RUST-19\healthy\0_I_2328.jpg,S,12.44,99.3,0.76,4.61,0.98
525,08-06-2024,ezyZip\Dataset\YELLOW-RUST-19\YELLOW-RUST-19\MS\4_MS_2126.jpg,S,15.08,93.55,0.71,4.57,0.91
526,09-06-2024,ezyZip\Dataset\YELLOW-RUST-19\YELLOW-RUST-19\R\1_R_131.jpg,S,12.58,95.25,0.75,4.67,0.98
527,10-06-2024,ezyZip\Dataset\YELLOW-RUST-19\YELLOW-RUST-19\healthy\0_I_268.jpg,S,10.55,98.67,0.72,4.44,0.95
528,11-06-2024,ezyZip\Dataset\YELLOW-RUST-19\YELLOW-RUST-19\R\1_R_294.jpg,S,13.7,92.62,0.76,4.9,0.94
529,12-06-2024,ezyZip\Dataset\YELLOW-RUST-19\YELLOW-RUST-19\MRMS\3_MRMS_715.jpg,S,10.32,93.07,0.71,4.53,0.92
530,13-06-2024,ezyZip\Dataset\YELLOW-RUST-19\YELLOW-RUST-19\MRMS\3_MRMS_700.jpg,S,11.25,96.27,0.72,4.25,0.98
531,14-06-2024,ezyZip\Dataset\YELLOW-RUST-19\YELLOW-RUST-19\MR\2_MR_464.jpg,S,13.22,95.8,0.73,4.43,0.91
532,15-06-2024,ezyZip\Dataset\YELLOW-RUST-19\YELLOW-RUST-19\MS\4_MS_631.jpg,S,14.53,97.91,0.73,4.51,0.98
533,16-06-2024,ezyZip\Dataset\YELLOW-RUST-19\YELLOW-RUST-19\R\1_R_1596.jpg,S,12.72,90.24,0.76,5,0.91
534,17-06-2024,ezyZip\Dataset\YELLOW-RUST-19\YELLOW-RUST-19\healthy\0_I_553.jpg,S,11.81,98.53,0.74,4.06,0.93
535,18-06-2024,ezyZip\Dataset\YELLOW-RUST-19\YELLOW-RUST-19\MS\4_MS_1629.jpg,S,14.84,97.69,0.74,4.64,0.91
536,19-06-2024,ezyZip\Dataset\YELLOW-RUST-19\YELLOW-RUST-19\MS\4_MS_96.jpg,S,13.69,97.01,0.77,4.07,0.99
537,20-06-2024,ezyZip\Dataset\YELLOW-RUST-19\YELLOW-RUST-19\healthy\0_I_2229.jpg,S,13.27,98.36,0.78,4.65,0.98
538,21-06-2024,ezyZip\Dataset\YELLOW-RUST-19\YELLOW-RUST-19\R\1_R_24.jpg,S,11.86,91.83,0.76,4.3,0.94
539,22-06-2024,ezyZip\Dataset\YELLOW-RUST-19\YELLOW-RUST-19\MRMS\3_MRMS_1389.jpg,S,13.18,97.83,0.7,4.52,0.99
540,23-06-2024,ezyZip\Dataset\YELLOW-RUST-19\YELLOW-RUST-19\healthy\0_I_1284.jpg,S,14.63,97.29,0.75,4.13,0.97
541,24-06-2024,ezyZip\Dataset\YELLOW-RUST-19\YELLOW-RUST-19\healthy\0_I_2197.jpg,S,12.33,99.06,0.74,4.48,0.94
542,25-06-2024,ezyZip\Dataset\YELLOW-RUST-19\YELLOW-RUST-19\MRMS\3_MRMS_935.jpg,S,10.44,93.26,0.78,4.22,0.99
543,26-06-2024,ezyZip\Dataset\YELLOW-RUST-19\YELLOW-RUST-19\R\1_R_810.jpg,S,15.54,90.87,0.71,4.99,0.97
544,27-06-2024,ezyZip\Dataset\YELLOW-RUST-19\YELLOW-RUST-19\MS\4_MS_80.jpg,S,10.31,94.04,0.73,4.1,0.93
545,28-06-2024,ezyZip\Dataset\YELLOW-RUST-19\YELLOW-RUST-19\healthy\0_I_988.jpg,S,13.03,92.26,0.77,4.6,0.91
546,29-06-2024,ezyZip\Dataset\YELLOW-RUST-19\YELLOW-RUST-19\MR\2_MR_2451.jpg,S,10.28,92.67,0.75,4.28,0.99
547,30-06-2024,ezyZip\Dataset\YELLOW-RUST-19\YELLOW-RUST-19\R\1_R_909.jpg,S,15.18,97.32,0.7,4.88,0.94
548,01-07-2024,ezyZip\Dataset\YELLOW-RUST-19\YELLOW-RUST-19\healthy\0_I_2304.jpg,S,14.66,98.06,0.71,4.56,0.95
549,02-07-2024,ezyZip\Dataset\YELLOW-RUST-19\YELLOW-RUST-19\MS\4_MS_865.jpg,S,15.4,98.27,0.78,4.12,0.98
550,03-07-2024,ezyZip\Dataset\YELLOW-RUST-19\YELLOW-RUST-19\MRMS\3_MRMS_369.jpg,S,11.36,90.21,0.77,4.25,0.97
551,04-07-2024,ezyZip\Dataset\YELLOW-RUST-19\YELLOW-RUST-19\MRMS\3_MRMS_271.jpg,S,14.97,98.48,0.72,4.57,0.9
552,05-07-2024,ezyZip\Dataset\YELLOW-RUST-19\YELLOW-RUST-19\R\1_R_1944.jpg,S,10.36,97.73,0.77,4.05,0.92
553,06-07-2024,ezyZip\Dataset\YELLOW-RUST-19\YELLOW-RUST-19\S\5_S_1135.jpg,S,11.75,92.36,0.77,4.25,0.98
554,07-07-2024,ezyZip\Dataset\YELLOW-RUST-19\YELLOW-RUST-19\MRMS\3_MRMS_2300.jpg,S,15.1,99.75,0.74,4.01,0.92
555,08-07-2024,ezyZip\Dataset\YELLOW-RUST-19\YELLOW-RUST-19\MR\2_MR_1860.jpg,S,12.52,97.32,0.73,4.55,0.99
556,09-07-2024,ezyZip\Dataset\YELLOW-RUST-19\YELLOW-RUST-19\S\5_S_121.jpg,S,11.87,99.5,0.71,4.87,0.98
557,10-07-2024,ezyZip\Dataset\YELLOW-RUST-19\YELLOW-RUST-19\S\5_S_1928.jpg,S,13.64,90.83,0.7,4.95,0.91
558,11-07-2024,ezyZip\Dataset\YELLOW-RUST-19\YELLOW-RUST-19\MS\4_MS_117.jpg,S,14.23,99,0.76,4.47,0.96
559,12-07-2024,ezyZip\Dataset\YELLOW-RUST-19\YELLOW-RUST-19\MRMS\3_MRMS_609.jpg,S,14.58,97.92,0.73,4.52,0.99
560,13-07-2024,ezyZip\Dataset\YELLOW-RUST-19\YELLOW-RUST-19\MR\2_MR_909.jpg,S,14.87,93.31,0.74,4.86,0.96
561,14-07-2024,ezyZip\Dataset\YELLOW-RUST-19\YELLOW-RUST-19\MS\4_MS_1186.jpg,S,10.22,93.04,0.78,4.43,0.98
562,15-07-2024,ezyZip\Dataset\YELLOW-RUST-19\YELLOW-RUST-19\MRMS\3_MRMS_1448.jpg,S,12.54,92.39,0.75,4.93,0.9
563,16-07-2024,ezyZip\Dataset\YELLOW-RUST-19\YELLOW-RUST-19\S\5_S_1848.jpg,S,12.38,96.58,0.76,4.56,0.96
564,17-07-2024,ezyZip\Dataset\YELLOW-RUST-19\YELLOW-RUST-19\MRMS\3_MRMS_674.jpg,S,15.65,95.32,0.71,4.48,0.92
565,18-07-2024,ezyZip\Dataset\YELLOW-RUST-19\YELLOW-RUST-19\R\1_R_1609.jpg,S,12.36,98.39,0.78,4.36,0.98
566,19-07-2024,ezyZip\Dataset\YELLOW-RUST-19\YELLOW-RUST-19\R\1_R_316.jpg,S,10.33,98.51,0.75,4.4,0.92
567,20-07-2024,ezyZip\Dataset\YELLOW-RUST-19\YELLOW-RUST-19\MRMS\3_MRMS_512.jpg,S,15.66,97.54,0.73,4.04,0.93
568,21-07-2024,ezyZip\Dataset\YELLOW-RUST-19\YELLOW-RUST-19\MS\4_MS_760.jpg,S,13.81,95.68,0.77,4.19,0.96
569,22-07-2024,ezyZip\Dataset\YELLOW-RUST-19\YELLOW-RUST-19\S\5_S_1970.jpg,S,12.34,99.19,0.72,4.69,0.96
570,23-07-2024,ezyZip\Dataset\YELLOW-RUST-19\YELLOW-RUST-19\healthy\0_I_996.jpg,S,12.63,95.56,0.74,4.13,0.91
571,24-07-2024,ezyZip\Dataset\YELLOW-RUST-19\YELLOW-RUST-19\S\5_S_561.jpg,S,14.31,93.72,0.74,4.22,0.91
572,25-07-2024,ezyZip\Dataset\YELLOW-RUST-19\YELLOW-RUST-19\MRMS\3_MRMS_2085.jpg,S,11.8,92.81,0.76,4.07,0.97
573,26-07-2024,ezyZip\Dataset\YELLOW-RUST-19\YELLOW-RUST-19\S\5_S_2344.jpg,S,13.96,98.62,0.74,4.1,1
574,27-07-2024,ezyZip\Dataset\YELLOW-RUST-19\YELLOW-RUST-19\MRMS\3_MRMS_2141.jpg,S,13.59,94.42,0.78,4.62,0.9
575,28-07-2024,ezyZip\Dataset\YELLOW-RUST-19\YELLOW-RUST-19\MRMS\3_MRMS_1094.jpg,S,14.6,95.58,0.71,4.91,0.98
576,29-07-2024,ezyZip\Dataset\YELLOW-RUST-19\YELLOW-RUST-19\MRMS\3_MRMS_1505.jpg,S,10.53,93.88,0.72,4.46,0.98
577,30-07-2024,ezyZip\Dataset\YELLOW-RUST-19\YELLOW-RUST-19\MR\2_MR_2055.jpg,S,13.26,96.17,0.71,4.16,0.91
578,31-07-2024,ezyZip\Dataset\YELLOW-RUST-19\YELLOW-RUST-19\R\1_R_1048.jpg,S,13.79,96.82,0.74,4.47,0.96
579,01-08-2024,ezyZip\Dataset\YELLOW-RUST-19\YELLOW-RUST-19\S\5_S_1922.jpg,S,14.84,96.02,0.73,4.94,0.91
580,02-08-2024,ezyZip\Dataset\YELLOW-RUST-19\YELLOW-RUST-19\MRMS\3_MRMS_64.jpg,S,10.57,94.9,0.72,4.43,0.9
581,03-08-2024,ezyZip\Dataset\YELLOW-RUST-19\YELLOW-RUST-19\MR\2_MR_1191.jpg,S,15.14,97.54,0.7,4.89,0.97
582,04-08-2024,ezyZip\Dataset\YELLOW-RUST-19\YELLOW-RUST-19\MRMS\3_MRMS_1082.jpg,S,12.37,96.98,0.74,4.08,1
583,05-08-2024,ezyZip\Dataset\YELLOW-RUST-19\YELLOW-RUST-19\R\1_R_667.jpg,S,12.4,95.31,0.73,4.12,0.96
584,06-08-2024,ezyZip\Dataset\YELLOW-RUST-19\YELLOW-RUST-19\R\1_R_254.jpg,S,13,91.71,0.72,4.3,0.9
585,07-08-2024,ezyZip\Dataset\YELLOW-RUST-19\YELLOW-RUST-19\MRMS\3_MRMS_2305.jpg,S,10.21,94.18,0.77,4.14,0.98
586,08-08-2024,ezyZip\Dataset\YELLOW-RUST-19\YELLOW-RUST-19\MRMS\3_MRMS_1754.jpg,S,13.89,99.55,0.72,4.24,0.98
587,09-08-2024,ezyZip\Dataset\YELLOW-RUST-19\YELLOW-RUST-19\healthy\0_I_897.jpg,S,12.22,99.79,0.73,4.8,0.91
588,10-08-2024,ezyZip\Dataset\YELLOW-RUST-19\YELLOW-RUST-19\S\5_S_1099.jpg,S,14.05,98.75,0.76,4.04,0.9
589,11-08-2024,ezyZip\Dataset\YELLOW-RUST-19\YELLOW-RUST-19\MS\4_MS_1062.jpg,S,11.38,92.51,0.78,4.02,0.97
590,12-08-2024,ezyZip\Dataset\YELLOW-RUST-19\YELLOW-RUST-19\R\1_R_37.jpg,S,12.84,94.73,0.71,4.26,0.94
591,13-08-2024,ezyZip\Dataset\YELLOW-RUST-19\YELLOW-RUST-19\S\5_S_2087.jpg,S,10.62,98.09,0.76,4.51,0.97
592,14-08-2024,ezyZip\Dataset\YELLOW-RUST-19\YELLOW-RUST-19\S\5_S_1767.jpg,S,13.62,96.85,0.77,4.14,0.97
593,15-08-2024,ezyZip\Dataset\YELLOW-RUST-19\YELLOW-RUST-19\healthy\0_I_70.jpg,S,10.98,90.53,0.71,4.74,1
594,16-08-2024,ezyZip\Dataset\YELLOW-RUST-19\YELLOW-RUST-19\MRMS\3_MRMS_1672.jpg,S,15.67,99.14,0.78,4.32,0.93
595,17-08-2024,ezyZip\Dataset\YELLOW-RUST-19\YELLOW-RUST-19\healthy\0_I_1447.jpg,S,12.37,90.7,0.76,4.13,0.91
596,18-08-2024,ezyZip\Dataset\YELLOW-RUST-19\YELLOW-RUST-19\MR\2_MR_1046.jpg,S,14.91,95.31,0.7,4.32,0.93
597,19-08-2024,ezyZip\Dataset\YELLOW-RUST-19\YELLOW-RUST-19\healthy\0_I_1929.jpg,S,15.91,92.53,0.72,4.7,0.93
598,20-08-2024,ezyZip\Dataset\YELLOW-RUST-19\YELLOW-RUST-19\R\1_R_1213.jpg,S,10.26,93.4,0.73,4.87,0.97
599,21-08-2024,ezyZip\Dataset\YELLOW-RUST-19\YELLOW-RUST-19\MRMS\3_MRMS_923.jpg,S,13.25,91.46,0.72,4.8,0.93
600,22-08-2024,ezyZip\Dataset\YELLOW-RUST-19\YELLOW-RUST-19\MRMS\3_MRMS_638.jpg,S,10.69,92.83,0.77,4.71,0.97
